name,address,area,createdAt,status,lat / lng
3 saudara ps,"Jl. Pemuda II Jl. Sanggrahan, Sabggrahan, Giripurwo, Kec. Wonogiri, Kabupaten Wonogiri, Jawa Tengah 57612",SOLO,1767264000000,active,"-7.814190, 110.928734"
agung petshop sleman,"Jl. Tempel-Seyegan, Krapyak, Margoagung, Kec. Seyegan, Kabupaten Sleman, Daerah Istimewa Yogyakarta 55561",DIY,1767264000000,active,"-7.710696, 110.306694"
Agus manuk poltry,"H2GG+WVP, Jl. Slamet Riyadi, Dusun Kebayanan Krajoyok, Sragen Wetan, Kec. Sragen, Kabupaten Sragen, Jawa Tengah 57211",SOLO,1767264000000,active,"-7.422654, 111.027262"
Al petshop pranan,"Jl.Ciu Karangwuni 01/0 Kuluan, RT.001/RW.001, Kueuhan, Pranan, Kec. Polokarto, Kabupaten Sukoharjo, Jawa Tengah 57555",SOLO,1767264000000,active,"-7.627708, 110.841301"
Alfian petshop,"Jl. Jogja No.km 12, Bedung, Bagelen, Kec. Bagelen, Kabupaten Purworejo, Jawa Tengah 54174",DIY,1767264000000,active,"-7.816745018407348, 110.01656279120262"
Alris petshop,"Tanubayan, Bintoro, Kec. Demak, Kabupaten Demak, Jawa Tengah 59511",SEMARANG,1767264000000,active,"-6.887189, 110.650770"
Andalan petshop,"Susukan, Genjahan, Kec. Ponjong, Kabupaten Gunungkidul, Daerah Istimewa Yogyakarta 55892",DIY,1767264000000,active,"-7.967169, 110.706062"
Anggrek petshop,"Jl. Pusponjolo Barat No.II / 15, Cabean, Kec. Semarang Barat, Kota Semarang, Jawa Tengah 50141",SEMARANG,1767264000000,active,"-6.982766, 110.396486"
Arafah petshop,"Jl. Nakula, Kresek, Kalongan, Kec. Ungaran Tim., Kabupaten Semarang, Jawa Tengah 50519",SEMARANG,1767264000000,active,"-7.135601, 110.451089"
Aries - Aneka petshop,"CQP2+33H, Gg. Pisang 6, Karang Tengah, Ngadirejo, Kec. Kartasura, Kabupaten Sukoharjo, Jawa Tengah 57169",SOLO,1767264000000,active,"-7.564967, 110.750320"
Astra petshop,"MG25+WWG, Jl. Argo Boga, Ledok, Kec. Argomulyo, Kota Salatiga, Jawa Tengah 50732",SEMARANG,1767264000000,active,"-7.347696, 110.509820"
Aulia petshop,"Pandan Sari, Campurejo, Kec. Boja, Kabupaten Kendal, Jawa Tengah 51381",SEMARANG,1767264000000,active,"-7.097133062386851, 110.29225125789661"
Barokah petshop pleret,"Jl. Pleret, Balong Lor, Potorono, Kec. Banguntapan, Kabupaten Bantul, Daerah Istimewa Yogyakarta 55196",DIY,1767264000000,active,"-7.838432, 110.411829"
BAYT petshop,"Jl. Kencur, Jetis, Kwarasan, Kec. Grogol, Kabupaten Sukoharjo, Jawa Tengah 57552",SOLO,1767264000000,active,"-7.591882, 110.805867"
Bigboss ps Kartasura,"Jl. Wimboharsono No.25, Dusun III, Kartasura, Kec. Kartasura, Kabupaten Sukoharjo, Jawa Tengah 57169",SOLO,1767264000000,active,"-7.553883, 110.741686"
BIMA PETSHOP,"Pranan, Kec. Polokarto, Kabupaten Sukoharjo, Jawa Tengah 57555",SOLO,1767264000000,active,"-7.627287, 110.837906"
Binar petshop tanjung,"Tegalan, RT.1/RW.3, Tegalan, Bolopleret, Kec. Juwiring, Kabupaten Klaten, Jawa Tengah 57472",SOLO,1767264000000,active,"-7.665296, 110.750587"
Bintang petshop jogja,"Jl. Pembela Tanah Air, Tegalrejo, Kec. Tegalrejo, Kota Yogyakarta, Daerah Istimewa Yogyakarta 55244",DIY,1767264000000,active,"-7.789995, 110.356223"
bintang ps sleman,"893W+6WQ, Pencar Sari, Sardonoharjo, Kec. Ngaglik, Kabupaten Sleman, Daerah Istimewa Yogyakarta 55581",DIY,1767264000000,active,"-7.696904, 110.397355"
Bonbon petshop,"Jl. Raya Jumapolo-Karanganyar, Soko, Sukosari, Kec. Jumantono, Kabupaten Karanganyar, Jawa Tengah 57782",SOLO,1767264000000,active,"-7.628091, 110.947735"
Bongki petshop,"Jl. Kelinci Raya No.103A, Pandean Lamper, Kec. Gayamsari, Kota Semarang, Jawa Tengah 50249",SEMARANG,1767264000000,active,"-6.99695605290827, 110.44139881184584"
Bonnie petshop,"Jl. Jend. Gatot Subroto, Beningrejo, Gaum, Kec. Tasikmadu, Kabupaten Karanganyar, Jawa Tengah 57722",SOLO,1767264000000,active,"-7.585773, 110.949011"
Bowo petshop,"Jl. Pedurungan Tengah IV No.39, Pedurungan Tengah, Kec. Pedurungan, Kota Semarang, Jawa Tengah 50192",SEMARANG,1767264000000,active,"-7.009504, 110.474020"
Bu sartono polty,"Jl. Wonogiri - Sukoharjo, Dusun II, Nguter, Kec. Nguter, Kabupaten Sukoharjo, Jawa Tengah 57571",SOLO,1767264000000,active,"-7.744589, 110.877139"
catopia petshop gunungkidul,"Jl. Gereja No.1, Purbosari, Wonosari, Kec. Wonosari, Kabupaten Gunungkidul, Daerah Istimewa Yogyakarta 55851",DIY,1767264000000,active,"-7.966274, 110.601502"
Cemeng petshop,"Jl. Gatot Subroto No.242, Kratonan, Kec. Serengan, Kota Surakarta, Jawa Tengah 57153",SOLO,1767264000000,active,"-7.581046, 110.818063"
Chika petshop,"Taman, Jl. Puri Banjaran V No.C 6, RT.01/RW.18, Bringin, Kec. Ngaliyan, Kota Semarang, Jawa Tengah 50189",SEMARANG,1767264000000,active,"-7.01780460609626, 110.33810175788412"
Chiko petshop sleman,"Jl. Brojomusti No.8a, Santren, Caturtunggal, Kec. Depok, Kabupaten Sleman, Daerah Istimewa Yogyakarta 55281",DIY,1767264000000,active,"-7.777671, 110.383401"
Ching-hwa petshop,"Jl. Wr. Supratman No.53, Manyaran, Kec. Semarang Barat, Kota Semarang, Jawa Tengah 50147",SEMARANG,1767264000000,active,"-6.999370, 110.389782"
Chio Pet Kingdom Bantul,"Jl. Bantul No.Km. 8, Sawahan, Pendowoharjo, Kec. Sewon, Kabupaten Bantul, Daerah Istimewa Yogyakarta 55186",DIY,1767264000000,active,"-7.858927857531956, 110.3405658812995"
clover petshop sleman,"Jl. Godean - Seyegan, Klangkapan II, Margoluwih, Kec. Seyegan, Kabupaten Sleman, Daerah Istimewa Yogyakarta 55561",DIY,1767264000000,active,"-7.749914, 110.293549"
Dc petshop,"Jl. Durian Barat No.14, Lamper Kidul, Kec. Semarang Sel., Kota Semarang, Jawa Tengah 50249",SEMARANG,1767264000000,active,"-6.986360268531071, 110.43549767730993"
De luna petshop,"Ruko Grand Palm, Jl. MT. Hariyono No.4, Dliwang, Ungaran, Kec. Ungaran Bar., Kabupaten Semarang, Jawa Tengah 50511",SEMARANG,1767264000000,active,"-7.130156, 110.408869"
Deka petsop & poultryshop,"Indra Indah, Jl. Arjuno No.C/78, Jetak, Bolon, Kec. Colomadu, Kabupaten Karanganyar, Jawa Tengah 57178",SOLO,1767264000000,active,"-7.537235, 110.731053"
Dian poulty & petshop,"Karang, Lalung, Kec. Karanganyar, Kabupaten Karanganyar, Jawa Tengah 57713",SOLO,1767264000000,active,"-7.612951, 110.949849"
Diary petshop,Gentan,SOLO,1767264000000,active,"-7.583711, 110.783955"
disa petshop bantul,"Jl. KH. Ali Maksum, Pandes, Panggungharjo, Kec. Sewon, Kabupaten Bantul, Daerah Istimewa Yogyakarta 55188",DIY,1767264000000,active,"-7.842208, 110.356571"
Dody petshop,"Jl. Suryopranoto No.97, Kepatihan Wetan, Kec. Jebres, Kota Surakarta, Jawa Tengah 57129",SOLO,1767264000000,active,"-7.566359, 110.831496"
dolpin petshop,"7C6M+6RM, Jl. Raya Tajem, Kenayan, Wedomartani, Kec. Ngemplak, Kabupaten Sleman, Daerah Istimewa Yogyakarta 55584",DIY,1767264000000,active,"-7.712630, 110.437375"
Dorripet petshop sleman,"Jl. Kebon Agung Somokaton Ngino, XII, RT.06/RW.35, Sowokaton, Margoagung, Kec. Seyegan, Kabupaten Sleman, Daerah Istimewa Yogyakarta 55561",DIY,1767264000000,active,"-7.715055, 110.292013"
Doubleight,"Jl. Raya Grogol No.65B, Dusun III, Madegondo, Kec. Grogol, Kabupaten Sukoharjo, Jawa Tengah 57552",SOLO,1767264000000,active,"-7.603139, 110.818732"
Dul petshop,"Jalan Ngrombo Kembangan, Pulorejo, Dusun I, Ngrombo, Kec. Baki, Kabupaten Sukoharjo, Jawa Tengah 57556",SOLO,1767264000000,active,"-7.634191, 110.794611"
Dunia ps gentan,"Jl. Joko Tingkir No.34, Makamhaji, Kec. Laweyan, Kota Surakarta, Jawa Tengah 57161",SOLO,1767264000000,active,"-7.574795, 110.783077"
Elf petshop & poultry,"Jl. Wisnuwardana, Langensari Timur, Langensari, Kec. Ungaran Bar., Kabupaten Semarang, Jawa Tengah 50518",SEMARANG,1767264000000,active,"-7.171056, 110.408568"
Ells petshop 2 godean,"Jl. Godean No.km 13, Area Sawah, Sidorejo, Kec. Moyudan, Kabupaten Sleman, Daerah Istimewa Yogyakarta 55564",DIY,1767264000000,active,"-7.760698, 110.263391"
Eri catshop,"Jl. Borobudur Timur X No.30, Kembangarum, Kec. Semarang Barat, Kota Semarang, Jawa Tengah 50183",SEMARANG,1767264000000,active,"-6.999045, 110.375487"
Fitvet animal care,"Jl. Pahlawan, Getan Lor, Gentan Lor, Kec. Boja, Kabupaten Kendal, Jawa Tengah 51381",SEMARANG,1767264000000,active,"-7.101542411945997, 110.27079395789733"
Fl aquatic & petshop,"depan SPBU, Jl. Rm. Hadisoebeno Sosro Wardoyo, Mijen, Kec. Mijen, Kota Semarang, Jawa Tengah 50519",SEMARANG,1767264000000,active,"-7.062600, 110.311362"
Freedom ps & care,"8M6W+CHH, Jalan, Jalinan, Kedungan, Pedan, Klaten Regency, Central Java 57468",SOLO,1767264000000,active,"-7.689076, 110.696456"
Fun petshop sleman,"6CCM+PX8, Jl. Anggrek, Sambilegi Lor, Maguwoharjo, Kec. Depok, Yogyakarta, Daerah Istimewa Yogyakarta 55281",DIY,1767264000000,active,"-7.778192, 110.434962"
Gendis petshop fatmawati,"Jl. Gemah Sel. II No.1, Gemah, Kec. Pedurungan, Kota Semarang, Jawa Tengah 50246",SEMARANG,1767264000000,active,"-7.013925, 110.465839"
Ginza petshop,"Jl. Tandang Raya No.4, Jomblang, Kec. Candisari, Kota Semarang, Jawa Tengah 50256",SEMARANG,1767264000000,active,"-7.012882, 110.441273"
Gm petshop embarkasih,"FQG7+GX4, Jl. Embarkasi H., Ngemplak, Gagaksipat, Kec. Ngemplak, Kabupaten Boyolali, Jawa Tengah 57375",SOLO,1767264000000,active,"-7.523777, 110.764937"
Graha petshop,"W9QW+4MX, Jl. Mr. Koesbiyono Tjondrowibowo, Patemon, Kec. Gn. Pati, Kota Semarang, Jawa Tengah 50228",SEMARANG,1767264000000,active,"-7.062120, 110.396781"
Haii petshop,"Jl. Beringin Raya III, Tambakaji, Kec. Ngaliyan, Kota Semarang, Jawa Tengah 50189",SEMARANG,1767264000000,active,"-6.9963694692152005, 110.33917792719076"
Hasna petshop smg,"Jl. Sapta Prasetya IV No.13, Pedurungan Kidul, Kec. Pedurungan, Kota Semarang, Jawa Tengah 50192",SEMARANG,1767264000000,active,"-7.018504, 110.473582"
Haya poultry & petshop,"RT.001/RW.04, Dusun II, Kadilangu, Kec. Baki, Kabupaten Sukoharjo, Jawa Tengah 57556",SOLO,1767264000000,active,"-7.611915, 110.785291"
Hoki jaya ps,"9R43+C73, Jl. Mawar, Griyakaryasonorejo, Sonorejo, Kec. Sukoharjo, Kabupaten Sukoharjo, Jawa Tengah 57551",SOLO,1767264000000,active,"-7.644022, 110.803221"
Hokky petshop sleman,"Perum Soka Asri Permai, Jl. Raya Kadisoka No.01 Blok K, RW.Kadisoka, Kadisoko, Purwomartani, Kec. Kalasan, Kabupaten Sleman, Daerah Istimewa Yogyakarta 55281",DIY,1767264000000,active,"-7.753673, 110.441735"
Id petshop,"Jl. Wonodri Sendang Raya No.17F, Wonodri, Kec. Semarang Sel., Kota Semarang, Jawa Tengah 50242",SEMARANG,1767264000000,active,"-7.001687, 110.427589"
Idola petshop,"Jl. Jangli Krajan Raya No.218c, Jatingaleh, Kec. Candisari, Kota Semarang, Jawa Tengah 50254",SEMARANG,1767264000000,active,"-7.028256, 110.428477"
Iksan petshop,"9VRF+JJJ, RT.03/RW.05, Rw. 5, Bekonang, Kec. Mojolaban, Kabupaten Sukoharjo, Jawa Tengah 57554",SOLO,1767264000000,active,"-7.608361, 110.874243"
Istana boboy petshop,"Perumahan Mutiara Gading Residence, Blok A18, Sendangmulyo, Kec. Tembalang, Kota Semarang, Jawa Tengah 50272",SEMARANG,1767264000000,active,"-7.032413, 110.481532"
Iwan jaya toko pakan ternak,"GVXJ+5GJ, Dusun IV, Gedongan, Kec. Plupuh, Kabupaten Sragen, Jawa Tengah 57283",SOLO,1767264000000,active,"-7.451937, 110.881234"
Jasmine petshop,"Jl. Patimura No.5, Mapagan, Lerep, Kec. Ungaran Bar., Kabupaten Semarang, Jawa Tengah 50519",SEMARANG,1767264000000,active,"-7.115879, 110.400722"
Jenny petshop sleman,"Potrojayan, Madurejo, Kec. Prambanan, Kabupaten Sleman, Daerah Istimewa Yogyakarta 55572",DIY,1767264000000,active,"-7.761819, 110.490020"
Jeno pet vet bantul,"5897+7W5, Jl. Bangunjiwo-Bibis, Ngentak, Bangunjiwo, Kec. Kasihan, Kabupaten Bantul, Daerah Istimewa Yogyakarta 55184",DIY,1767264000000,active,"-7.832233, 110.314452"
Jessy petshop kulonprogo,"Belik, Demangrejo, Kec. Sentolo, Kabupaten Kulon Progo, Daerah Istimewa Yogyakarta 55664",DIY,1767264000000,active,"-7.886119, 110.205320"
Ji-kwan petshop & poultry,"296W+558, Jl. Puspowarno, Salamanmloyo, Kec. Semarang Barat, Kota Semarang, Jawa Tengah 50149",SEMARANG,1767264000000,active,"-6.989544, 110.395483"
Kaya petshop,"FP9J+HQ5, Jl. Tentara Pelajar, Jetak, Bolon, Kec. Colomadu, Kabupaten Karanganyar, Jawa Tengah 57178",SOLO,1767264000000,active,"-7.531793, 110.731335"
kembang asem ps sleman,"jalan seyegan tempel, Krapyak, Margoagung, Kec. Seyegan, yogyakarta, Daerah Istimewa Yogyakarta 55561",DIY,1767264000000,active,"-7.715327, 110.306482"
Kichiro petshop,"Jl. Lamper Tengah No.669, Lamper Tengah, Kec. Semarang Sel., Kota Semarang, Jawa Tengah 50248",SEMARANG,1767264000000,active,"-7.003931, 110.443792"
King-Kingz pet care & ps,"Jl. Letjen S. Parman, RT.04/RW.06, Wonokarto Barat, Wonokarto, Kec. Wonogiri, Kabupaten Wonogiri, Jawa Tengah 57652",SOLO,1767264000000,active,"-7.797129, 110.910867"
Kkomi petshop,"Jl. Bantul No.km 5, Kweni, Panggungharjo, Kec. Sewon, Kabupaten Bantul, Daerah Istimewa Yogyakarta 55198",DIY,1767264000000,active,"-7.836253355533485, 110.35170221198548"
Koaka petshop,"Banjardadap, Jl. Monumen Perjuangan, Banjardadap, Banguntapan, Kec. Banguntapan, Kabupaten Bantul, Daerah Istimewa Yogyakarta 55198",DIY,1767264000000,active,"-7.847596, 110.409145"
Kobe petahop,"Bringin, Kec. Ngaliyan, Kota Semarang, Jawa Tengah",SEMARANG,1767264000000,active,"-6.996515069465319, 110.33835735788077"
Kochibon pet store & veterinary,"Jl. Tusam Timur Raya No.36, Pedalangan, Kec. Banyumanik, Kota Semarang, Jawa Tengah 50268",SEMARANG,1767264000000,active,"-7.068522, 110.426814"
kulo petshop gunungkidul,"Widoro Kulon, RT.08/RW.02, Sama, Bunder, Gunungkidul, Kabupaten Gunungkidul, Daerah Istimewa Yogyakarta 55862",DIY,1767264000000,active,"-7.876849, 110.538808"
Kurnia petshop sleman,"5FRM+945, Jl. Raya Piyungan - Prambanan, Daleman, Sumberharjo, Kec. Prambanan, Kabupaten Sleman, Daerah Istimewa Yogyakarta 55572",DIY,1767264000000,active,"-7.808720, 110.482885"
laksmi petshop sleman,"Kersan, Tirtomartani, Kec. Kalasan, Kabupaten Sleman, Daerah Istimewa Yogyakarta 55571",DIY,1767264000000,active,"-7.774177, 110.471494"
Londho petshop & poultry,"Jalan Raya, Ngempon, Bergas, Semarang Regency, Central Java 50552",SEMARANG,1767264000000,active,"-7.185318907048671, 110.43419511187588"
Londho ps semarang,"Jalan Raya, Ngempon, Bergas, Semarang Regency, Central Java 50552",SEMARANG,1767264000000,active,"-7.186423, 110.434257"
Lonie petshop karanganyar,"Jengglong, Bejen, Kec. Karanganyar, Kabupaten Karanganyar, Jawa Tengah 57672",SOLO,1767264000000,active,"-7.589821, 110.948215"
Lope petshop,"Ruko Jatisari.5, Jatisari, Kec. Mijen, Kota Semarang, Jawa Tengah 50275",SEMARANG,1767264000000,active,"-7.070920, 110.309740"
Love petshop kalasan,"Perumahan Grasia Taman Asri Blok C7, Tegal Rejo, Tamanmartani, Kec. Kalasan, Kabupaten Sleman, Daerah Istimewa Yogyakarta 55571",DIY,1767264000000,active,"-7.739116, 110.475085"
Lumbung arta ps,"Tranggan, Trangsan, Kec. Gatak, Surakarta, Jawa Tengah 57557",SOLO,1767264000000,active,"-7.586834, 110.748539"
Lumintu poultry,"Jl. Wonosari - Bejiharjo No.RT01, RW.07, Gn. Sari, Bejiharjo, Kec. Karangmojo, Kabupaten Gunungkidul, Daerah Istimewa Yogyakarta 55891",DIY,1767264000000,active,"-7.874957417335313, 110.55351066504501"
M petshop,"V7MV+92X, Candi, Karangmanggis, Kec. Boja, Kabupaten Kendal, Jawa Tengah 51381",SEMARANG,1767264000000,active,"-7.115952084764201, 110.29286421927962"
Majif pakan burung & petshop,"Ungaran, Jl. Patimura, Mapagan, Lerep, Kec. Ungaran Bar., Kabupaten Semarang, Jawa Tengah 50519",SEMARANG,1767264000000,active,"-7.113976, 110.399511"
Manda petshop,"Gisikdrono, Kec. Semarang Barat, Kota Semarang, Jawa Tengah 50149",SEMARANG,1767264000000,active,"-6.993672, 110.386755"
Mas Aris poltry,"Jl. Arjuna No.18, RT.01/RW.04, Dusun II, Kadilangu, Kec. Baki, Kabupaten Sukoharjo, Jawa Tengah 57556",SOLO,1767264000000,active,"-7.611087, 110.786417"
Mbak lis,Tawangsari,SOLO,1767264000000,active,"-7.719768, 110.816880"
Mea petshop,"Jl. Srinindito Raya No.22, RT.06/RW.01, Ngemplak Simongan, Kec. Semarang Barat, Kota Semarang, Jawa Tengah 50149",SEMARANG,1767264000000,active,"-7.000636, 110.391830"
Mencari petshop godean,"Jl. Pramuka, Area Sawah, Sidoagung, Kec. Godean, Yogyakarta, Daerah Istimewa Yogyakarta 55264",DIY,1767264000000,active,"-7.766738, 110.293388"
Milivet & poultryshop,"Rw. 3, Bekonang, Kec. Mojolaban, Kabupaten Sukoharjo, Jawa Tengah 57554",SOLO,1767264000000,active,"-7.605617, 110.870866"
Millo ps semarang,"Jl. Al Barokah, Rowosari, Kec. Tembalang, Kota Semarang, Jawa Tengah 50279",SEMARANG,1767264000000,active,"-7.060228, 110.478255"
Mini petshop jogja,"Jl. Nusa Indah No.11 No.9, Samirono, Caturtunggal, Kec. Depok, Kabupaten Sleman, Daerah Istimewa Yogyakarta 55281",DIY,1767264000000,active,"-7.770837, 110.386421"
Mini petshop salatiga,"Jl. Hasanudin No.101, Mangunsari, Kec. Sidomukti, Kota Salatiga, Jawa Tengah 50721",SEMARANG,1767264000000,active,"-7.341428, 110.494544"
Missyu petshop,"Jl. Jae Sumantoro, Ngabangan, Sidoluhur, Kec. Godean, Kabupaten Sleman, Daerah Istimewa Yogyakarta 55264",DIY,1767264000000,active,"-7.764454, 110.290684"
Miu petshop grogol solo baru,"Solo Baru, Dusun 2, Gedangan, Solo Baru, Kabupaten Sukoharjo, Jawa Tengah 57552",SOLO,1767264000000,active,"-7.606363, 110.800927"
Moana bird shop & petshop,"Jl. Menoreh Raya No.18, Sampangan, Kec. Gajahmungkur, Kota Semarang, Jawa Tengah 50232",SEMARANG,1767264000000,active,"-7.008979, 110.393970"
Momy petshop,"Jl. Bukit Beringin Utara No.62 blok D, Wonosari, Kec. Ngaliyan, Kota Semarang, Jawa Tengah 50244",SEMARANG,1767264000000,active,"-6.989292349796052, 110.32801914994955"
MTS petshop,"3JXW+7V4, Kadilangu, Kec. Demak, Kabupaten Demak, Jawa Tengah 59517",SEMARANG,1767264000000,active,"-6.901912, 110.647194"
Muara Bengawan Petshop,"9P8V+X3J, RT.Tengklik,RT13/RW.1, Ngrodon, Jelobo, Kec. Wonosari, Kabupaten Klaten, Jawa Tengah 57473",SOLO,1767264000000,active,"-7.632548, 110.742747"
My cat veterinary ungaran,"Jl. Ahmad Yani No.12, Dliwang, Ungaran, Kec. Ungaran Bar., Kabupaten Semarang, Jawa Tengah 50511",SEMARANG,1767264000000,active,"-7.130125, 110.408852"
Nakama petshop,"Jl. Letjend Suprapto PERUM No.57, Dusun I, Mranti, Kec. Purworejo, Kabupaten Purworejo, Jawa Tengah 54112",DIY,1767264000000,active,"-7.704431558900191, 110.00629735799747"
Nara petshop,Cuplik,SOLO,1767264000000,active,"-7.674776, 110.793170"
Neko vet dokter hewan,"Jl. Tentara Pelajar, RT.5 Rw/RW.12, Gadingan, Jombor, Kec. Bendosari, Kabupaten Sukoharjo, Jawa Tengah 57521",SOLO,1767264000000,active,"-7.674409, 110.844984"
Niki petshop,"Jl. Palagan Tentara Pelajar No.38, Rw. II, Sanggrahan, Kec. Grogol, Kabupaten Sukoharjo, Jawa Tengah 57552",SOLO,1767264000000,active,"-7.584450, 110.794998"
Nobi petshop,"Surobayan, Argomulyo, Kec. Sedayu, Kabupaten Bantul, Daerah Istimewa Yogyakarta 55752",DIY,1767264000000,active,"-7.812750155372799, 110.27646115801625"
Nono ps,"9QFG+MMP, Jl. Butuh, Dusun I, Gedongan, Kec. Baki, Kabupaten Sukoharjo, Jawa Tengah 57556",SOLO,1767264000000,active,"-7.625773, 110.776622"
Nusantara petshop,"Jl. Ahmad Yani No.23, Bugel, Kec. Godong, Kabupaten Grobogan, Jawa Tengah 58162",SEMARANG,1767264000000,active,"-7.020580, 110.765288"
Oase poultry,"3J6F+G3P, Jl. Pindul, RT.4/RW.1, Grogol I, Bejiharjo, Kec. Karangmojo, Kabupaten Gunungkidul, Daerah Istimewa Yogyakarta 55891",DIY,1767264000000,active,"-7.938648, 110.622760"
Omah kucing petshop,"Jl Pahlawan No 96 Gentan Lor Boja Pertigaan Belakang Pasar Boja Pertigaan Sebelah Utara Pasar Boja, Sapen, Boja, Kec. Boja, Kabupaten Kendal, Jawa Tengah 51381",SEMARANG,1767264000000,active,"-7.100970866945465, 110.26673145789721"
Omah pakan vinvan,"Jl. Bugel, Baturan, Karangwuni, Kec. Polokarto, Kabupaten Sukoharjo, Jawa Tengah 57555",SOLO,1767264000000,active,"-7.630234, 110.853424"
Omah petshop selogiri,"Gemutren, Pule, Kec. Selogiri, Kabupaten Wonogiri, Jawa Tengah",SOLO,1767264000000,active,"-7.778988, 110.869168"
onion petshop sleman,"Kebonan Jl. Berbah - Kalasan No.RT02, RW.20, Jarakan, Kalitirto, Kec. Berbah, Kabupaten Sleman, Daerah Istimewa Yogyakarta 55573",DIY,1767264000000,active,"-7.783648, 110.463989"
Ono petshop,"Jl. Sruwen - Karanggede, Sugihan, Kec. Tengaran, Kabupaten Semarang, Jawa Tengah 50775",SEMARANG,1767264000000,active,"-7.362746346757193, 110.65658168862976"
Orca mojolaban,"CV2G+XQ3, Jl. Veteran Perang Kemerdekaan, Ganggasan Rw. 5, Demakan, Kec. Mojolaban, Kabupaten Sukoharjo, Jawa Tengah 57554",SOLO,1767264000000,active,"-7.597621, 110.876900"
Orlando petshop,"Jl. Moh. Yamin No.44, Jayengan, Kec. Serengan, Kota Surakarta, Jawa Tengah 57152",SOLO,1767264000000,active,"-7.577046, 110.818797"
Pak bagong poltry,"8QM2+CXQ, Jl. Raya Delanggu - Juwiring, Tegalan, Bolopleret, Kec. Juwiring, Kabupaten Klaten, Jawa Tengah 57472",SOLO,1767264000000,active,"-7.666474, 110.752416"
Pakan ternah GS77,"6VC9+QHH, Karang Tengah, Jaten, Kec. Selogiri, Kabupaten Wonogiri, Jawa Tengah 57652",SOLO,1767264000000,active,"-7.778251, 110.868993"
Pandjoel ps 1,"6XX6+9RV, Korok, Tegalkuning, Kec. Banyuurip, Kabupaten Purworejo, Jawa Tengah 54171",DIY,1767264000000,active,"-7.750530342103818, 109.96197649662548"
Paw petshop godean,"Jl. Ngapak - Kentheng No.11, Berjo Kidul, Sidoluhur, Kec. Godean, Kabupaten Sleman, Daerah Istimewa Yogyakarta 55264",DIY,1767264000000,active,"-7.76434476125607, 110.2865989812829"
Paws petshop,"Jend. Gatot Subroto No.10, Wonokarto Tengah, Wonokarto, Kec. Wonogiri, Kabupaten Wonogiri, Jawa Tengah 57612",SOLO,1767264000000,active,"-7.802529, 110.914919"
Pelangi petshop,"Jl. Mayor Achmadi, Mojosongo, Kec. Jebres, Kota Surakarta, Jawa Tengah 57127",SOLO,1767264000000,active,"-7.534813, 110.847125"
Pet garden,Gentan,SOLO,1767264000000,active,"-7.584573, 110.768574"
Pet go petshop,"Jl. Abdulrahman Saleh No.182, Manyaran, Kec. Semarang Barat, Kota Semarang, Jawa Tengah 50183",SEMARANG,1767264000000,active,"-6.999715, 110.379071"
Petshop pakel,"Jl. Pakel No.17, Bonangan, Baturan, Kec. Colomadu, Kabupaten Karanganyar, Jawa Tengah 57171",SOLO,1767264000000,active,"-7.547094, 110.796644"
Piko petshop,"Jl. Kahar Muzakir No.59, Semanggi, Kec. Ps. Kliwon, Kota Surakarta, Jawa Tengah 57116",SOLO,1767264000000,active,"-7.590635, 110.828175"
Pororo Petshop Sleman,"Jl. Kradenan, Ringinsari, Maguwoharjo, Kec. Depok, Kabupaten Sleman, Daerah Istimewa Yogyakarta 55281",DIY,1767264000000,active,"-7.770355, 110.438372"
Poultry shop bokoharjo sleman,"Jl. Raya Piyungan - Prambanan, Gatak, Bokoharjo, Kec. Prambanan, Yogyakarta, Daerah Istimewa Yogyakarta 55572",DIY,1767264000000,active,"-7.763420, 110.489050"
Pow pow pet care,"Jl. Kolonel HR Hadijanto No.111, Sekaran, Kec. Gn. Pati, Kota Semarang, Jawa Tengah 50229",SEMARANG,1767264000000,active,"-7.046158, 110.390386"
power paws sleman,"6FJC+R6V, Jl. Raya Solo - Yogyakarta, Glondong, Tirtomartani, Kec. Kalasan, Kabupaten Sleman, Daerah Istimewa Yogyakarta 55571",DIY,1767264000000,active,"-7.767659, 110.470523"
Pratama petshop bekonang,"RT.02/RW.05, Rw. 5, Bekonang, Kec. Mojolaban, Kabupaten Sukoharjo, Jawa Tengah 57554",SOLO,1767264000000,active,"-7.608142, 110.874754"
Prins petshop,"Jl. Adi Sumarmo ruko No.31, Dusun I, Singopuran, Kec. Kartasura, Kabupaten Sukoharjo, Jawa Tengah 57165",SOLO,1767264000000,active,"-7.545198, 110.744338"
Ps sinar jaya,"9Q45+CJH, Jl. Samben, Wonorejo, Kingkang, Kec. Wonosari, Kabupaten Klaten, Jawa Tengah 57473",SOLO,1767264000000,active,"-7.644003, 110.759151"
Pulsa petshop,"PCV6+V3F, Jl. Jend. Sudirman, Kupang Dalangan, Kupang, Kec. Ambarawa, Kabupaten Semarang, Jawa Tengah 50612",SEMARANG,1767264000000,active,"-7.255132, 110.409637"
Puma poltry,"Perum PG tasikmadu, Jl. Jend. Gatot Subroto No.40B, Nglande Wetan, Ngijo, Kec. Tasikmadu, Kabupaten Karanganyar, Jawa Tengah 57722",SOLO,1767264000000,active,"-7.575029, 110.932566"
Qcao petshop,"Jl. Slamet Riyadi No.99, Dusun III, Kartasura, Kec. Kartasura, Kabupaten Sukoharjo, Jawa Tengah 57169",SOLO,1767264000000,active,"-7.555610, 110.742385"
Queen pershop salatiga,"Jl. Kalisombo No.43, Salatiga, Kec. Sidorejo, Kota Salatiga, Jawa Tengah 50711",SEMARANG,1767264000000,active,"-7.322526, 110.506877"
queency petshop sleman,"Jl. Purwomartani Jl. Japlaksari No.15, RT.18/RW.02, Karangmojo, Purwomartani, Kec. Kalasan, Kabupaten Sleman, Daerah Istimewa Yogyakarta 55571",DIY,1767264000000,active,"-7.748625644011571, 110.4490887665621"
Ragil poultry bantul,"49XP+5CJ, RT.3, Glagah Lor, Tamanan, Kec. Banguntapan, Kabupaten Bantul, Daerah Istimewa Yogyakarta 55191",DIY,1767264000000,active,"-7.852159, 110.385959"
Rahma PS Pengging,"Jl. Pengging- Banyudono, Area Sawah/Kebun, Ngaru Aru, Kec. Banyudono, Kabupaten Boyolali, Jawa Tengah 57373",SEMARANG,1767264000000,active,"-7.540839, 110.680803"
Rara Petshop Pengging,"CMXG+RRP, Jl. Pengging- Banyudono, Mentekan, Bendan, Kec. Banyudono, Kabupaten Boyolali, Jawa Tengah 57373",SEMARANG,1767264000000,active,"-7.550497, 110.677058"
Raya petshop kendal,"Jl. Raya Tampingan, Krajan, Campurejo, Kec. Boja, Kabupaten Kendal, Jawa Tengah 51381",SEMARANG,1767264000000,active,"-7.095913941449225, 110.29289088117153"
Rewulu petshop godean,"Area Sawah, Sidomulyo, Kec. Godean, Kabupaten Sleman, Daerah Istimewa Yogyakarta",DIY,1767264000000,active,"-7.777798390873155, 110.29439581889042"
Rich Petshop Semarang,"Jl. Supriyadi No.27, Kalicari, Kec. Pedurungan, Kota Semarang, Jawa Tengah 50198",SEMARANG,1767264000000,active,"-7.002379384377835, 110.45514092719169"
Rizki anugrah petshop & poultry,"Sendangmulyo, Kec. Tembalang, Kota Semarang, Jawa Tengah 50272",SEMARANG,1767264000000,active,"-7.046059, 110.473515"
Royal fish 2 & petshop,"HGV8+PR3, Jl. Klero-Suruh, Klero, Kec. Tengaran, Kabupaten Semarang, Jawa Tengah 50775",SEMARANG,1767264000000,active,"-7.405778, 110.516967"
Rumah Ternak Colomadu,Colomadu,SOLO,1767264000000,active,"-7.537133, 110.727037"
Sa petshop,"Jl. Kyai Turmudzi, Stinggil, Bintoro, Kec. Demak, Kabupaten Demak, Jawa Tengah 59511",SEMARANG,1767264000000,active,"-6.893051, 110.642221"
Sabrina ps ambarawa,"Jl. Jend. Sudirman No.25, Tanjungsari, Kupang, Kec. Ambarawa, Kabupaten Semarang, Jawa Tengah 50612",SEMARANG,1767264000000,active,"-7.254638, 110.412725"
Sakura Petshop,"Jl. Parang Kesit Raya No.23, Tlogosari Kulon, Kec. Pedurungan, Kota Semarang, Jawa Tengah 50196",SEMARANG,1767264000000,active,"-7.034564, 110.457768"
Sanjaya petshop,"Jl. Syekh Basyarudin No.11, RT.04/RW.01, Karangjati, Kec. Bergas, Kabupaten Semarang, Jawa Tengah 50552",SEMARANG,1767264000000,active,"-7.185885, 110.428446"
Sasa petshop,"Jl. Pemuda No.37, Petengan Selatan, Bintoro, Kec. Demak, Kabupaten Demak, Jawa Tengah 59511",SEMARANG,1767264000000,active,"-6.889579, 110.634482"
Sayang kucing petshop,"984G+6W2, Kromodangsan, Lumbungrejo, Kec. Tempel, Kabupaten Sleman, Daerah Istimewa Yogyakarta 55552",DIY,1767264000000,active,"-7.644472, 110.327257"
Sb petshop,"Jl. Dusun Rowosari No.RT.5 Ruko A3, rw5, Meteseh, Kec. Boja, Kabupaten Kendal, Jawa Tengah 51381",SEMARANG,1767264000000,active,"-7.078191, 110.295535"
sekawan poultry,"Jl. Raya LPMP, Ngajeg, Tirtomartani, Kec. Kalasan, Kabupaten Sleman, Daerah Istimewa Yogyakarta 55571",DIY,1767264000000,active,"-7.759930, 110.471004"
si coy petshop gunung kidul,"2HQX+R79, Kepek II, Kepek, Kec. Wonosari, Kabupaten Gunungkidul, Daerah Istimewa Yogyakarta 55813",DIY,1767264000000,active,"-7.960520, 110.598297"
Smart petshop mojolaban,"Jl. Mayor Achmadi, RT.03/RW.02, Pengin, Cangkol, Kec. Mojolaban, Kabupaten Sukoharjo, Jawa Tengah 57554",SOLO,1767264000000,active,"-7.610443, 110.876774"
Star petshop,"Jl. Raya Bandungrejo, Jagalan, Brumbung, Kec. Mranggen, Kabupaten Demak, Jawa Tengah 59567",SEMARANG,1767264000000,active,"-7.024582, 110.510675"
Star petshop gading,"Jl. Brigjen Sudiarto No.74b, Danukusuman, Kec. Serengan, Kota Surakarta, Jawa Tengah 57156",SOLO,1767264000000,active,"-7.586874, 110.824558"
Story ps cemani,"Jl. Sidomukti, Cemani, Kec. Grogol, Kabupaten Sukoharjo, Jawa Tengah 57552",SOLO,1767264000000,active,"-7.583762, 110.805674"
Sumber rejeki petshop jogja,"Jl. A.M. Sangaji No.95, Kutu Dukuh, Karangwaru, Kec. Tegalrejo, Kota Yogyakarta, Daerah Istimewa Yogyakarta 55241",DIY,1767264000000,active,"-7.770653, 110.368353"
Summer vet clinic,"Ruko Ivy Park A1-17 Jl Boulevard BSB, Pesantren, Kec. Mijen, Kota Semarang, Jawa Tengah 50212",SEMARANG,1767264000000,active,"-7.025482461073517, 110.33317220392034"
Super petshop,"CR73+HVP, Jl. Sidomukti, Cemani, Kec. Grogol, Kabupaten Sukoharjo, Jawa Tengah 57552",SOLO,1767264000000,active,"-7.586158, 110.804779"
Taeyang petshop sleman,"Jl. Purbaya, RT.06/RW.10, Warak Kidul, Sumberadi, Kec. Mlati, Kabupaten Sleman, Daerah Istimewa Yogyakarta 55288",DIY,1767264000000,active,"-7.719696, 110.334999"
Tegepe poultry bantul,"5855+8JV, Jl. Tugu Gentong, Gendeng, Bangunjiwo, Kec. Kasihan, Kabupaten Bantul, Daerah Istimewa Yogyakarta 55184",DIY,1767264000000,active,"-7.841623, 110.309065"
Ten ten pet care,"Jl. Alam Asri Raya No.18, Sendangmulyo, Kec. Tembalang, Kota Semarang, Jawa Tengah 50271",SEMARANG,1767264000000,active,"-7.039377, 110.475345"
Tiara petshop,"CRMG+37M, Keprabon, Kec. Banjarsari, Kota Surakarta, Jawa Tengah 57131",SOLO,1767264000000,active,"-7.567424, 110.825461"
Tino Poultry,"Bendosari,banmati",SOLO,1767264000000,active,"-7.717806166738739, 110.80933028127487"
toko agung imogiri,"398F+RG9, Jl. Imogiri - Siluk, Kalangan, Kb. Agung, Kec. Imogiri, Kabupaten Bantul, Daerah Istimewa Yogyakarta 55782",DIY,1767264000000,active,"-7.932878, 110.373902"
toko atemo gunungkidul,"Jl. Nasional III No.16, Wareng, Semanu, Kec. Semanu, Kabupaten Gunungkidul, Daerah Istimewa Yogyakarta 55893",DIY,1767264000000,active,"-7.999894, 110.661912"
Toko Isa Ps,"9Q56+59V, Jl. Raya Daleman Karangdowo, Wonorejo, Kingkang, Kec. Wonosari, Kabupaten Klaten, Jawa Tengah 57473",SOLO,1767264000000,active,"-7.642255, 110.760946"
Toko pakan hidayah,"CWGJ+3WM, Nglande Wetan, Ngijo, Kec. Tasikmadu, Kabupaten Karanganyar, Jawa Tengah 57721",SOLO,1767264000000,active,"-7.574666, 110.932205"
Toko pakan mas juri,"CQ8R+84H, Dusun I, Manang, Kec. Grogol, Kabupaten Sukoharjo, Jawa Tengah 57556",SOLO,1767264000000,active,"-7.584296, 110.790331"
Toko pakan ngunut,"9QGR+V7G, Jl. Keleng - Karanganyar, Ngunut, Mancasan, Kec. Baki, Kabupaten Sukoharjo, Jawa Tengah 57556",SOLO,1767264000000,active,"-7.622851, 110.790712"
Toko pakan ramadan poltry,"RT.17/RW.04, Karang, Kec. Delanggu, Kabupaten Klaten, Jawa Tengah 57471",SOLO,1767264000000,active,"-7.632338, 110.695766"
Toko pakan ternak anugrah mas gun,"CW2X+68Q, Dompon, Karanganyar, Kec. Karanganyar, Kabupaten Karanganyar, Jawa Tengah 57713",SOLO,1767264000000,active,"-7.599328, 110.948340"
Tokone mas azizi,"Jl. Muntal, Ngijo, Kec. Gn. Pati, Kota Semarang, Jawa Tengah 50227",SEMARANG,1767264000000,active,"-7.074517, 110.386456"
Tosca petshop,"Jl. Soponyono III No.44, Jetis Utara, Purwodadi, Kec. Purwodadi, Kabupaten Grobogan, Jawa Tengah 58111",SEMARANG,1767264000000,active,"-7.086569, 110.911185"
tugu petshop sleman,"Jl. Pandanaran No.86 rt03, RW.23, dusun penen, Harjobinangun, Kec. Pakem, Kabupaten Sleman, Daerah Istimewa Yogyakarta 55581",DIY,1767264000000,active,"-7.698571, 110.400556"
Umi Petshop,"Jl. Karangingas, RT.03/RW.16, Muktiharjo Kidul, Kec. Pedurungan, Kota Semarang, Jawa Tengah 50197",SEMARANG,1767264000000,active,"-6.917672399315391, 110.45338767467467"
Uniko petshop pleret,"5C46+GC4, Jalan Ngipik Pleret, Bintaran, Jambidan, Kec. Banguntapan, Kabupaten Bantul, Daerah Istimewa Yogyakarta 55197",DIY,1767264000000,active,"-7.843671, 110.411123"
Untung petshop,"Jl. Untung Suropati No.15, Perumda, Purwodadi, Kec. Purwodadi, Kabupaten Grobogan, Jawa Tengah 58111",SEMARANG,1767264000000,active,"-7.093902, 110.909985"
Vie vet petshop,"Jl. Bibis Raya No.20 RT 04, Kasih, Tamantirto, Kec. Kasihan, Kabupaten Bantul, Daerah Istimewa Yogyakarta 55183",DIY,1767264000000,active,"-7.826849, 110.329027"
Vr petshop,"XCQR+HCG, Jl. Tandang Raya, Jomblang, Kec. Candisari, Kota Semarang, Jawa Tengah 50256",SEMARANG,1767264000000,active,"-7.011072, 110.441099"
Wahyu cakra poltry gatak,"Jl. Gatak Gawok, Dusun II, Luwang, Kec. Gatak, Kabupaten Sukoharjo, Jawa Tengah 57557",SOLO,1767264000000,active,"-7.585064, 110.738485"
Wak adi ps,"Wak Adi pS, Jl. Yos Sudarso, Tiga, Kateguhan, Kec. Tawangsari, Kabupaten Sukoharjo, Jawa Tengah 57561",SOLO,1767264000000,active,"-7.737522, 110.796298"
Whiskers,"Jl veteran, ganggasan rt 2 rw 5 (diantara tb mapan jaya dan bengkel warsito Demakan Mojolaban, Ganggasan Rw. 5, Demakan, Kec. Sukoharjo, Kabupaten Sukoharjo, Jawa Tengah 57554",SOLO,1767264000000,active,"-7.598749, 110.876631"
Win petshop sleman,"Jl. K.H. Muhdi No.131A, dewan, Maguwoharjo, yk, Yogyakarta, Daerah Istimewa Yogyakarta 55281",DIY,1767264000000,active,"-7.782083, 110.422596"
Wms aquarium & petshop,"Dusun Manggung, Kluwihan, Jimbaran, Bandungan, Kabupaten Semarang, Jawa Tengah 50661",SEMARANG,1767264000000,active,"-7.207953, 110.388814"
Woluwolu petshop temon,"Nagung, Kedundang, Kec. Temon, Kabupaten Kulon Progo, Daerah Istimewa Yogyakarta 55654",DIY,1767264000000,active,"-7.883877, 110.106780"
Woluwolu ps minggir,"77M8+88V, Ngepringan 3, Sendangrejo, Kec. Minggir, Kabupaten Sleman, Daerah Istimewa Yogyakarta 55562",DIY,1767264000000,active,"-7.716599, 110.265762"
Yoyok pakan sleman,"89RV+5P6, Glondong, Purwobinangun, Kec. Pakem, Kabupaten Sleman, Daerah Istimewa Yogyakarta 55582",DIY,1767264000000,active,"-7.659587, 110.394258"
Yuyun petshop & poultry,"Jl. Lamongan Raya jln. Panjangan No.22, Bendan Ngisor, Kec. Gajahmungkur, Kota Semarang, Jawa Tengah 50232",SEMARANG,1767264000000,active,"-7.009859, 110.396176"
Zooy petshop,"Jl. KH. Ali Maksum Jl. Pelemsewu No.368, Palem Sewu, Panggungharjo, Kec. Sewon, Kabupaten Bantul, Daerah Istimewa Yogyakarta 55188",DIY,1767264000000,active,"-7.840133, 110.356913"
Daras poltry,"karang rt 03, Rw. I, Jetis, Kec. Baki, Kabupaten Sukoharjo, Jawa Tengah 57556",SOLO,1767264000000,active,"-7.623005, 110.770146"
Miko petshop,"2FJJ+9R2, Jl. Bumi Banjardowo Raya, RT.01/RW.6, Genuksari, Kec. Genuk, Kota Semarang, Jawa Tengah 50117",SEMARANG,1767264000000,active,"-6.969368, 110.481764"
Koin petshop,"2FGJ+2JX, Jl. Wolter Monginsidi, Genuksari, Kec. Genuk, Kota Semarang, Jawa Tengah 50115",SEMARANG,1767264000000,active,"-6.975061, 110.481592"
Formosa petsmart,"CQC9+236, Jl. Mangesti Raya, Dusun 2, Purbayan, Kec. Baki, Kabupaten Sukoharjo, Jawa Tengah 57556",SOLO,1767264000000,active,"-7.579925, 110.766890"
Mulya petshop,"7FC2+687, Jl. Raya Selomartani, Demangan, Selomartani, Kec. Kalasan, Kabupaten Sleman, Daerah Istimewa Yogyakarta 55571",DIY,1767264000000,active,"-7.729299653280911, 110.45080279539785"
Pandawa petshop kalasan,"7CCX+FRF, Jl. Raya Selomartani, Demangan, Selomartani, Kec. Kalasan, Kabupaten Sleman, Daerah Istimewa Yogyakarta 55571",DIY,1767264000000,active,"-7.728808, 110.449551"
coral petshop kalasan,"Jl. Candi Sambisari, Kadirojo II, Purwomartani, Kec. Kalasan, Kabupaten Sleman, Daerah Istimewa Yogyakarta 55571",DIY,1767264000000,active,"-7.764866, 110.447674"
sae petshop jogja,"Jl. Kebun Raya No.31, timur gembiraloka, Kec. Kotagede, Kota Yogyakarta, Daerah Istimewa Yogyakarta 55171",DIY,1767264000000,active,"-7.805954, 110.398184"
Usrok petshop,"Jl. Melati 6 No.184, Ngebel, Wuryantoro, Kec. Wuryantoro, Kabupaten Wonogiri, Jawa Tengah 57661",SOLO,1767264000000,active,"-7.901647, 110.865231"
Bio star ps,"3VW4+V53, Jalan Raya, Jati, Mlopoharjo, Wuryantoro, Wonogiri Regency, Central Java 57661",SOLO,1767264000000,active,"-7.902754, 110.855492"
tams petshop tamsis,"Jl. Taman Siswa No.12, Wirogunan, Kec. Mergangsan, Kota Yogyakarta, Daerah Istimewa Yogyakarta 55151",DIY,1767264000000,active,"-7.805061, 110.377918"
max & luc petshop,"Jl. Sisingamangaraja No.83A, Brontokusuman, Kec. Mergangsan, Kota Yogyakarta, Daerah Istimewa Yogyakarta 55153",DIY,1767264000000,active,"-7.820527, 110.373197"
Jagad mulyo ps,"Jl. Raya Ngadirojo - Jatipuro, Kenteng, Ngadirojo Kidul, Kec. Ngadirojo, Kabupaten Wonogiri, Jawa Tengah 57681",SOLO,1767264000000,active,"-7.813447, 110.996372"
Putra abadi ps,"5XMW+R93, Niru Wetan, Ngadirojo Kidul, Kec. Ngadirojo, Kabupaten Wonogiri, Jawa Tengah 57681",SOLO,1767264000000,active,"-7.815258, 110.995918"
suka petshop Jogja,"Jl. Veteran No.95, Warungboto, Kec. Umbulharjo, Kota Yogyakarta, Daerah Istimewa Yogyakarta 55164",DIY,1767264000000,active,"-7.812172, 110.392491"
Diary petsop palur,"Jl. Raya Sragen - Solo, Palur Kulon, Ngringo, Kec. Jaten, Kabupaten Karanganyar, Jawa Tengah 57731",SOLO,1767264000000,active,"-7.565841, 110.865634"
Momoezza petshop palur,"Jl. Nusama, Puntukrejo, Ngringo, Kec. Jaten, Kabupaten Karanganyar, Jawa Tengah 57772",SOLO,1767264000000,active,"-7.555199, 110.876415"
Gwen petshop,"Jl. Manggis 10 No.183, Benowo, Ngringo, Kec. Jaten, Kabupaten Karanganyar, Jawa Tengah 57731",SOLO,1767264000000,active,"-7.556730, 110.870954"
Zuna petshop bandungan,"Pugisan, Banyukuning, Bandungan, Kabupaten Semarang, Jawa Tengah",SEMARANG,1767264000000,active,"-7.226850, 110.343878"
Makmur jaya ps proliman skh,"Gamping, Joho, Kec. Sukoharjo, Kabupaten Sukoharjo, Jawa Tengah 57513",SOLO,1767264000000,active,"-7.688239, 110.840534"
Pak har ps,"Rw. I, Jetis, Kec. Baki, Kabupaten Sukoharjo, Jawa Tengah",SOLO,1767264000000,active,"-7.619446, 110.772587"
Murah jaya ps,"Sidodadi, RT.:03/RW:03, Gatak, Delanggu, Kec. Delanggu, Kabupaten Klaten, Jawa Tengah 57471",SOLO,1767264000000,active,"-7.620447, 110.698227"
Gendhis petshop semarang,"Ruko Syailendra, Jl. Grafika Raya, Padangsari, Kec. Banyumanik, Kota Semarang, Jawa Tengah 50267",SEMARANG,1767264000000,active,"-7.078599, 110.421347"
Toko pakan nanggulan,"Jl. Kyai Penjalin, RT.1/Rw2, Nanggulan, Kec. Wonosari, Kabupaten Klaten, Jawa Tengah 57473",SOLO,1767264000000,active,"-7.612282, 110.737232"
Parkirt mas PS,"Jl. Kyai Penjalin, Pajangan, Bolali, Kec. Wonosari, Kabupaten Klaten, Jawa Tengah 57473",SOLO,1767264000000,active,"-7.598897, 110.740132"
Aneka petshop,"Jl. Adi Sumarmo No.C108, Krobyongan, Gawanan, Kec. Colomadu, Kabupaten Karanganyar, Jawa Tengah 57175",SOLO,1767264000000,active,"-7.531976, 110.760808"
Deas Petshop Sleman,"6CX5+PX5, Jl. Super Raya, Dero, Condongcatur, Kec. Depok, Kabupaten Sleman, Daerah Istimewa Yogyakarta 55281",DIY,1767264000000,active,"-7.749883, 110.406536"
Story petshop drh joko,"Jl. Adi Sumarmo, Kepoh, Tohudan, Kec. Colomadu, Kabupaten Karanganyar, Jawa Tengah 57173",SOLO,1767264000000,active,"-7.533340, 110.770964"
kit kat petshop,"Jl. Candi Gebang No.13, Jetis, Wedomartani, Kec. Ngemplak, Kabupaten Sleman, Daerah Istimewa Yogyakarta 55584",DIY,1767264000000,active,"-7.747499, 110.412086"
Jejak Petshop Sleman,"Jl. Candi Gebang, Jetis, Wedomartani, Kec. Ngemplak, Kabupaten Sleman, Daerah Istimewa Yogyakarta 55584",DIY,1767264000000,active,"-7.747810, 110.412059"
disa petshop 5 sleman,"Jalan Super Raya No 169 Karangasem Gempol, RT.05/RW.12, Dero, Condongcatur, Kec. Depok, Kabupaten Sleman, Daerah Istimewa Yogyakarta 55282",DIY,1767264000000,active,"-7.757338, 110.409029"
Praktek dokter hewan colo madu,"Jl. Tentara Pelajar, Jetak, Bolon, Kec. Colomadu, Kabupaten Karanganyar, Jawa Tengah 57178",SOLO,1767264000000,active,"-7.531660, 110.731588"
Fun Vet Petshop and Petcare,"RT.04/RW.10, Ngulu Wetan, Pracimantoro, Kec. Pracimantoro, Kabupaten Wonogiri, Jawa Tengah 57664",SOLO,1767264000000,active,"-8.055910, 110.809362"
Hasil subur petshop,"Belik, Kec. Pracimantoro, Kabupaten Wonogiri, Jawa Tengah 57664",SOLO,1767264000000,active,"-8.058605, 110.806877"
TOKO PAKAN TERNAK KENARI EMAS,"WQJX+FJ2, Pule, Gedong, Kec. Pracimantoro, Kabupaten Wonogiri, Jawa Tengah 57664",SOLO,1767264000000,active,"-8.068827, 110.799141"
cat point petshop klaten,"RT.01/RW.06, Sidomukti, Randusari, Kec. Prambanan, Kabupaten Klaten, Jawa Tengah 57454",DIY,1767264000000,active,"-7.727353, 110.519695"
3 saudara ps praci,"Sawahan, Sedayu, Kec. Pracimantoro, Kabupaten Wonogiri, Jawa Tengah 57664",SOLO,1767264000000,active,"-8.045433, 110.813357"
Ken ken petshop,0813-9380-4585,SOLO,1767264000000,active,"-7.968277, 110.843375"
Mas eko poltry,"2RPX+JMM, Jl. Eromoko - Mojosari, Eromoko Wetan, Eromoko, Kec. Eromoko, Kabupaten Wonogiri, Jawa Tengah 57663",SOLO,1767264000000,active,"-7.963284, 110.849442"
jaya petshop Klaten,"6GRP+Q88, Platar Karang, Wirosari, Muruh, Kec. Gantiwarno, Kabupaten Klaten, Jawa Tengah 57455",DIY,1767264000000,active,"-7.758207, 110.535870"
Mr petshop wedi,"Jl. Jend. Ahmad Yani No.19, Jagalan, Pandes, Kec. Wedi, Kabupaten Klaten, Jawa Tengah 57461",DIY,1767264000000,active,"-7.742978, 110.582144"
toko pakan pak suro,"6HRR+PX6, Jl. Wedi - Bayat, Kuntulan, Pandes, Kec. Wedi, Kabupaten Klaten, Jawa Tengah 57461",DIY,1767264000000,active,"-7.741738, 110.582891"
Holly petshop,"Jl. Jend. Sudirman No.159, Mangunsari, Kec. Sidomukti, Kota Salatiga, Jawa Tengah 50711",SEMARANG,1767264000000,active,"-7.337196, 110.506906"
mochi petshop 2 sleman,"Jl. Besi Jangkang No.km 1, Sembung, Sukoharjo, Kec. Ngaglik, Kabupaten Sleman, Daerah Istimewa Yogyakarta 55581",DIY,1767264000000,active,"-7.702898, 110.422155"
Gibran petshop,"8V2H+X7H, Dondong, Mulur, Kec. Bendosari, Kabupaten Sukoharjo, Jawa Tengah 57528",SOLO,1767264000000,active,"-7.697566, 110.878241"
Mas anang ps,"7VWQ+8WQ, Satu, Jagan, Kec. Bendosari, Kabupaten Sukoharjo, Jawa Tengah 57528",SOLO,1767264000000,active,"-7.704095, 110.889771"
Anita ps,"8VFJ+75R, Siang, Sugihan, Kec. Bendosari, Kabupaten Sukoharjo, Jawa Tengah 57528",SOLO,1767264000000,active,"-7.676948, 110.880200"
Mas asri Ps,"8VQP+23P, Jalan, Geneng, Kenokorejo, Polokarto, Sukoharjo Regency, Central Java 57555",SOLO,1767264000000,active,"-7.662509, 110.885250"
Unii petshop ngaglik,"Candi Dukuh, Sardonoharjo, Kec. Ngaglik, Kabupaten Sleman, Daerah Istimewa Yogyakarta 55581",DIY,1767264000000,active,"-7.701818, 110.407818"
Dua saudara petshop,"Undaan Lor, Kec. Undaan, Kabupaten Kudus, Jawa Tengah",SEMARANG,1767264000000,active,"-6.868353, 110.823792"
Josh petshop kudus,"5VJ5+328, Jl. Kyai Mojo, Krajan Lor, Jepangpakis, Kec. Jati, Kabupaten Kudus, Jawa Tengah 59349",SEMARANG,1767264000000,active,"-6.852235, 110.835864"
Devara petshop kudus,"5RCV+R93, Jl. Patimura, Karangwatu, Loram Kulon, Kec. Jati, Kabupaten Kudus, Jawa Tengah 59344",SEMARANG,1767264000000,active,"-6.827877, 110.843457"
Bengawan ps grogol,"Pd. I, Pondok, Kec. Grogol, Kabupaten Sukoharjo, Jawa Tengah 57552",SOLO,1767264000000,active,"-7.621117, 110.804977"
Yn petshop kudus,"Pasuruhan Lor, Kec. Jati, Kabupaten Kudus, Jawa Tengah 59349",SEMARANG,1767264000000,active,"-6.817374, 110.821529"
Onik petshop kudus,"Jl. Niti Semito, Plosokrajan, Purwosari, Kec. Jati, Kabupaten Kudus, Jawa Tengah 59348",SEMARANG,1767264000000,active,"-6.813890, 110.829807"
Fairy petshop kudus,"No. 28, Kerjasan, 12240, Jl. KH. Ahmad Dahlan, Pejaten, Kerjasan, Kota Kudus, Kudus Regency, Central Java 59315",SEMARANG,1767264000000,active,"-6.800637, 110.832874"
Menara petshop kudus,"Jl. KH Moh. Arwani, Pejaten, Kajeksan, rt1 rw3, Kabupaten Kudus, Jawa Tengah 59314",SEMARANG,1767264000000,active,"-6.799575, 110.834141"
jimo petshop kasihan,"Jl. Bibis Raya No.Rt 06, Kembaran, Tamantirto, Kec. Kasihan, Kabupaten Bantul, Daerah Istimewa Yogyakarta 55183",DIY,1767264000000,active,"-7.828823, 110.332954"
Monroe petshop kudus,"6RXV+35J, Gg. 10, Besito Kulon, Besito, Kec. Gebog, Kabupaten Kudus, Jawa Tengah 59333",SEMARANG,1767264000000,active,"-6.752292, 110.842916"
Gunung mas petshop,"7V79+MCW, Siwalan, Piji, Kec. Dawe, Kabupaten Kudus, Jawa Tengah 59353",SEMARANG,1767264000000,active,"-6.735844, 110.868660"
Meaw petshop kudus,"Jl. Lkr. Utara Umk, Kayuapu Kulon, Gondangmanis, Kec. Bae, Kabupaten Kudus, Jawa Tengah 59327",SEMARANG,1767264000000,active,"-6.781111, 110.867806"
Heaven petshop kudus,"Perumahan Muria indah, Bacin, Kec. Bae, Kabupaten Kudus, Jawa Tengah 59312",SEMARANG,1767264000000,active,"-6.783635, 110.864482"
Kenari petshop kudus,"Jl. Kenari No.37, Magersari, Panjunan, Kec. Kota Kudus, Kabupaten Kudus, Jawa Tengah 59318",SEMARANG,1767264000000,active,"-6.811059, 110.844168"
lorens petshop sleman,"Jl. Kebon Agung, Getas, Tlogoadi, Kec. Mlati, Kabupaten Sleman, Daerah Istimewa Yogyakarta 55286",DIY,1767264000000,active,"-7.734192, 110.339159"
Sr petshop kudus,"5RPX+69J, Jl. Gor Wergu Wetan, Wergu Wetan, Kec. Kota Kudus, Kabupaten Kudus, Jawa Tengah 59318",SEMARANG,1767264000000,active,"-6.814405, 110.848510"
orion petshop,"Jl. Kebon Agung No.6, Area Sawah, Tlogoadi, Kec. Mlati, Kabupaten Sleman, Daerah Istimewa Yogyakarta 55286",DIY,1767264000000,active,"-7.732620, 110.335672"
ragil putra petshop sleman,"Jl. Magelang No.Km, RW.11, Dukuh, Tridadi, Kec. Sleman, Kabupaten Sleman, Daerah Istimewa Yogyakarta 55511",DIY,1767264000000,active,"-7.720397, 110.328842"
Anugrah petshop sragen,"Sine, Kec. Sragen, Kabupaten Sragen, Jawa Tengah",SOLO,1767264000000,active,"-7.432566, 110.998793"
Hokky petshop kudus,"Jalan Mejobo Mlati Norowito, Mlati Norowito, Mlati Kidul, Kec. Kota Kudus, Kabupaten Kudus, Jawa Tengah 59319",SEMARANG,1767264000000,active,"-6.812654, 110.854645"
Flowa petshop,"Jl. Pantura, Salam Kidul, Dersalam, Kec. Bae, Kabupaten Kudus, Jawa Tengah 59349",SEMARANG,1767264000000,active,"-6.804097, 110.866304"
Mau petshop kudus,"Gg. 11 No.25, Kepyar, Dersalam, Kec. Bae, Kabupaten Kudus, Jawa Tengah 59321",SEMARANG,1767264000000,active,"-6.795839, 110.865650"
pandawa petshop 2 godean,"Jl. Sidomoyo, Beluran, Sidomoyo, Kec. Godean, Kabupaten Sleman, Daerah Istimewa Yogyakarta 55264",DIY,1767264000000,active,"-7.746285, 110.321755"
hana petshop,"Getas Kalongan Jl. Kebon Agung, Area Sawah, Tlogoadi, Kec. Mlati, Kabupaten Sleman, Daerah Istimewa Yogyakarta 55286",DIY,1767264000000,active,"-7.734681, 110.343217"
Leonarvin ps,"Dusun 2, Janti, Kec. Polanharjo, Kabupaten Klaten, Jawa Tengah 57474",SOLO,1767264000000,active,"-7.594144, 110.652603"
Konco ps Polanharjo,"Wangen II, Wangen, Kec. Polanharjo, Kabupaten Klaten, Jawa Tengah 57474",SOLO,1767264000000,active,"-7.606285, 110.663894"
Berkah jaya petshop,"Jeblogan, RT.2/RW.3, Jeblogan, Ponggok, Kec. Polanharjo, Kabupaten Klaten, Jawa Tengah 57474",SOLO,1767264000000,active,"-7.612914, 110.638119"
El petshop pati,"83GV+PG4, Jetak Kulon, Jatimulyo, Kec. Wedarijaksa, Kabupaten Pati, Jawa Tengah 59152",SEMARANG,1767264000000,active,"-6.673449, 111.093666"
Ardiaz petshpp,"perempatan, Area Sawah, Tulung, Kec. Tulung, Kabupaten Klaten, Jawa Tengah 57482",SOLO,1767264000000,active,"-7.590717, 110.621393"
Hasna jaya ps kudus,"Jl surya kusuma ruko Depan pasar brayung mejobo wetan, Mejabo Wetan, Mejobo, Kec. Mejobo, Kabupaten Kudus, Jawa Tengah 59381",SEMARANG,1767264000000,active,"-6.830254, 110.898883"
KLINIK HEWAN CENTRAL SATWA SALATIGA,"Ngentak Lor, Klero, Kec. Tengaran, Kabupaten Semarang, Jawa Tengah 50775",SEMARANG,1767264000000,active,"-7.412534044178736, 110.51926109539448"
Alesha jaya ps kudus,"wetan, Jepang, Kec. Mejobo, Kabupaten Kudus, Jawa Tengah 59381",SEMARANG,1767264000000,active,"-6.826333, 110.872719"
Lunar petshop kudus,"Jl. Suryo Kusumo, RT.02/RW.01, Jepang, Kec. Mejobo, Kabupaten Kudus, Jawa Tengah 59381",SEMARANG,1767264000000,active,"-6.826149, 110.869266"
Berkat petshop,"Jl. Raya Sragen - Solo, Kebayanan 1, Jati, Kec. Masaran, Kabupaten Sragen, Jawa Tengah 57282",SOLO,1767264000000,active,"-7.471120569258521, 110.9288959579577"
Cakrawala rumah sragen,"HW6V+JF2, Winang, Patihan, Kec. Sidoharjo, Kabupaten Sragen, Jawa Tengah 57281",SOLO,1767264000000,active,"-7.509663762661474, 110.99127504842461"
disa petshop,"Jl. Imogiri Tim., Kembang Songo, Trimulyo, Kec. Jetis, Kabupaten Bantul, Daerah Istimewa Yogyakarta 55781",DIY,1767264000000,active,"-7.883062587276205, 110.3874512600409"
Cika petshop smg,"Jl. Raya Ngaliyan No.55, Ngaliyan, Kec. Ngaliyan, Kota Semarang, Jawa Tengah 50181",SEMARANG,1767264000000,active,"-7.01780460609626, 110.3381875885741"
Master petshop,"Jl. Diponegoro No.117, Danyang Utara, Danyang, Kec. Purwodadi, Kabupaten Grobogan, Jawa Tengah 58152",SEMARANG,1767264000000,active,"-7.108418321642022, 110.91190377324348"
KLINIK HEWAN CENTRAL SATWA SALATIGA,"Ngentak Lor, Klero, Kec. Tengaran, Kabupaten Semarang, Jawa Tengah 50775",SEMARANG,1767264000000,active,"-7.412534044178736, 110.51926109539448"
Berkat petshop,"Jl. Raya Sragen - Solo, Kebayanan 1, Jati, Kec. Masaran, Kabupaten Sragen, Jawa Tengah 57282",SOLO,1767264000000,active,
Cakrawala rumah sragen,"HW6V+JF2, Winang, Patihan, Kec. Sidoharjo, Kabupaten Sragen, Jawa Tengah 57281",SOLO,1767264000000,active,
disa petshop,"Jl. Imogiri Tim., Kembang Songo, Trimulyo, Kec. Jetis, Kabupaten Bantul, Daerah Istimewa Yogyakarta 55781",DIY,1767264000000,active,
Cika petshop smg,"Jl. Raya Ngaliyan No.55, Ngaliyan, Kec. Ngaliyan, Kota Semarang, Jawa Tengah 50181",SEMARANG,1767264000000,active,
top petshop bantul,"Jl. Imogiri Barat No.km 15, timur pasar, Barongan, Kec. Jetis, Kabupaten Bantul, Daerah Istimewa Yogyakarta 55781",DIY,1767264000000,active,
Master petshop,"Jl. Diponegoro No.117, Danyang Utara, Danyang, Kec. Purwodadi, Kabupaten Grobogan, Jawa Tengah 58152",SEMARANG,1767264000000,active,
Cika petshop smg,"Jl. Raya Ngaliyan No.55, Ngaliyan, Kec. Ngaliyan, Kota Semarang, Jawa Tengah 50181",SEMARANG,1767264000000,active,
top petshop bantul,"Jl. Imogiri Barat No.km 15, timur pasar, Barongan, Kec. Jetis, Kabupaten Bantul, Daerah Istimewa Yogyakarta 55781",DIY,1767264000000,active,
Master petshop,"Jl. Diponegoro No.117, Danyang Utara, Danyang, Kec. Purwodadi, Kabupaten Grobogan, Jawa Tengah 58152",SEMARANG,1767264000000,active,
GM Petshop Embarkasi,,SOLO,1767264000000,active,"-7.5237362, 110.764941"
Gumiho Petshop & Care,,SOLO,1767264000000,active,"-7.5119787, 110.7993752"
Aura Petshop Sawahan,,SOLO,1767264000000,active,"-7.5306273, 110.8030606"
Lexi Petshop,,SOLO,1767264000000,active,"-7.5298728, 110.7979232"
SATWANATA petshop studio,,SOLO,1767264000000,active,"-7.5161299, 110.7830437"
Lunara Petshop,,SOLO,1767264000000,active,"-7.5310567, 110.8007281"
Nala Petshop,,SOLO,1767264000000,active,"-7.5163588, 110.7992916"
MOMU Petshop 2,,SOLO,1767264000000,active,"-7.5334347, 110.7912566"
Queen Petshop Kacangan,,SOLO,1767264000000,active,"-7.3759404, 110.7692432"
Hollie Collie Pet Store,,SOLO,1767264000000,active,"-7.3740817, 110.7615071"
Omah pakan mbak ully,,SOLO,1767264000000,active,"-7.4687624, 110.6847316"
SUMBER JAYA AQUARIUM & PETSHOP,,SOLO,1767264000000,active,"-7.4864196, 110.6944185"
MOOSI PETSHOP,,SOLO,1767264000000,active,"-7.4738111, 110.8078861"
Bubu Petshop,,SOLO,1767264000000,active,"-7.5262303, 110.8215988"
Abrak dan Petshop,,SOLO,1767264000000,active,"-7.5186621, 110.8256937"
Lawu Pet Shop,,SOLO,1767264000000,active,"-7.5134882, 110.8451991"
Yuca Petshop,,SOLO,1767264000000,active,"-7.5486507, 110.8773701"
Y-HO petshop,,SOLO,1767264000000,active,"-7.5574934, 110.8782612"
Boy petshop,,SOLO,1767264000000,active,"-7.5796867, 110.9008925"
Tora petshop jaten,,SOLO,1767264000000,active,"-7.5743679, 110.9040713"
Daily Pets Karanganyar,,SOLO,1767264000000,active,"-7.5989383, 110.9644161"
Lonie Petshop,,SOLO,1767264000000,active,"-7.5896664, 110.9481262"
Toko Pakan Ternah Anugrah Mas Gun,,SOLO,1767264000000,active,"-7.599423, 110.948363"
Pakan ternak dan petshop DIAN,,SOLO,1767264000000,active,"-7.612836, 110.9498142"
KAYA PETSHOP,,SOLO,1767264000000,active,"-7.5315689, 110.731226"
Praktek Dokter Hewan 86,,SOLO,1767264000000,active,"-7.5315788, 110.7316122"
Dunia Pet Shop,,SOLO,1767264000000,active,"-7.5442314, 110.789767"
Aneka Pet Shop,,SOLO,1767264000000,active,"-7.5321505, 110.7607798"
Petshop & PoultryShop by Rumah Ternak Indonesia,,SOLO,1767264000000,active,"-7.5371739, 110.7310611"
Petshop Pakel,,SOLO,1767264000000,active,"-7.5469923, 110.7965576"
Mwm petshop Colomadu,,SOLO,1767264000000,active,"-7.5379363, 110.774022"
Piko Cat House Grooming dan Penitipan kucing,,SOLO,1767264000000,active,"-7.5298504, 110.7592769"
Pupupaa Petshop,,SOLO,1767264000000,active,"-7.5427803, 110.7855246"
Mozza Petshop Fajar Indah,,SOLO,1767264000000,active,"-7.5447585, 110.7923452"
Radit bird shop,,SOLO,1767264000000,active,"-7.6060348, 111.0728085"
GANGSAR RAHAYU Pancing & Petshop,,SOLO,1767264000000,active,"-7.6222373, 111.0624666"
TOKO PAKAN TERNAK ”BERKAH ABADI.PS”,,SOLO,1767264000000,active,"-7.6269203, 111.0572575"
Bintoro PS,,SOLO,1767264000000,active,"-7.6151468, 111.0759214"
Pet Shop Mam Hawa 2,,SOLO,1767264000000,active,"-7.5826226, 110.9386858"
NN PETSHOP & MINI ATM,,SOLO,1767264000000,active,"-7.5747959, 110.9103302"
Hoki Pet Shop,,SOLO,1767264000000,active,"-7.5771743, 110.9361661"
BEJO PETSHOP,,SOLO,1767264000000,active,"-7.5920355, 110.9395139"
Petshop Lengkap Murah Tasik Madu,,SOLO,1767264000000,active,"-7.5742305, 110.928762"
KEIKO PETSHOP,,SOLO,1767264000000,active,"-7.5925055, 110.9393666"
PUMA PETSHOP,,SOLO,1767264000000,active,"-7.5751843, 110.932405"
Danica petshop Ngaliyan,,SOLO,1767264000000,active,"-7.5727915, 111.0487642"
Daehan Toko pakan petshop,,SOLO,1767264000000,active,"-7.5390133, 111.01632"
TOM Petshop,,SOLO,1767264000000,active,"-7.7563665, 111.0182066"
BonBon Petshop,,SOLO,1767264000000,active,"-7.6282903, 110.9478702"
Muezza Pet Shop,,SOLO,1767264000000,active,"-7.6328021, 110.9498564"
Pet shop Tom Jerry,,SOLO,1767264000000,active,"-7.7056265, 111.0048103"
Sodron Jaya Petshop,,SOLO,1767264000000,active,"-7.5429926, 110.9312519"
HIROIKO PET SHOP,,SOLO,1767264000000,active,"-7.5519083, 111.0583298"
Toko Pakan Burung Leonarvin,,SOLO,1767264000000,active,"-7.5941485, 110.652484"
Konco Petshop and Cell,,SOLO,1767264000000,active,"-7.606149, 110.6638627"
BERKAH JAYA PETSHOP & POULTRY,,SOLO,1767264000000,active,"-7.6128554, 110.6380109"
Petshop Expert Kwoso,,SOLO,1767264000000,active,"-7.6837956, 110.6034288"
Ratna Pet Shop,,SOLO,1767264000000,active,"-7.7002549, 110.6014012"
ABC Pet Shop & Pet Clinic,,SOLO,1767264000000,active,"-7.7079397, 110.6008142"
BOBA Petshop,,SOLO,1767264000000,active,"-7.7059494, 110.6398291"
Twin Petshop,,SOLO,1767264000000,active,"-7.70773, 110.7361291"
Yayuk house pet shop,,SOLO,1767264000000,active,"-7.6207717, 110.7476846"
MUARA BENGAWAN PET SHOP,,SOLO,1767264000000,active,"-7.6325339, 110.7426539"
Murah Jaya Petshop,,SOLO,1767264000000,active,"-7.6203678, 110.6981574"
MICCU PETSHOP,,SOLO,1767264000000,active,"-7.6320111, 110.6951566"
Bigboss Petshop Pedan,,SOLO,1767264000000,active,"-7.6959661, 110.7011817"
"Galeria Animal Clinic (Dokter Hewan, Pet Shop, Grooming, Penitipan Hewan)",,SOLO,1767264000000,active,"-7.7237239, 110.7047914"
Mukti Poultry & Pet Shop,,SOLO,1767264000000,active,"-7.6984467, 110.7078109"
EFCI PETSHOP DAN POULTRY,,SOLO,1767264000000,active,"-7.7194984, 110.695134"
Rahayu Petshop & ikan hias,,SOLO,1767264000000,active,"-7.695959, 110.6212058"
CEPER POULTRY pet shop & bird shop,,SOLO,1767264000000,active,"-7.6768053, 110.6799599"
GH PETSHOP,,SOLO,1767264000000,active,"-7.6694374, 110.6770159"
Catluv Petshop(sederhana),,SOLO,1767264000000,active,"-7.6914609, 110.6625514"
BESOLE PETSHOP,,SOLO,1767264000000,active,"-7.6591732, 110.6754789"
Binar Petshop tanjung juwiring,,SOLO,1767264000000,active,"-7.6652654, 110.7506736"
PAKAN BAGONG,,SOLO,1767264000000,active,"-7.6663826, 110.7524656"
Lova Cathouse Klaten,,SOLO,1767264000000,active,"-7.6675589, 110.7375468"
Bestie Petshop Tanjung,,SOLO,1767264000000,active,"-7.6652119, 110.7506636"
"""Nabil"" poultry & pet shop",,SOLO,1767264000000,active,"-7.6651408, 110.7505131"
ARTERI Petshop Dokter Hewan Klaten,,SOLO,1767264000000,active,"-7.7417627, 110.6989028"
Nadia Petshop,,SOLO,1767264000000,active,"-7.7738551, 110.6977224"
Petshop Berkah Mulyo,,SOLO,1767264000000,active,"-7.7639395, 110.6993295"
Doaibu_petshop,,SOLO,1767264000000,active,"-7.7636574, 110.698281"
MeMo Petshop Masaran,,SOLO,1767264000000,active,"-7.4670537, 110.9371432"
BERKAT PETSHOP,,SOLO,1767264000000,active,"-7.4716313, 110.9288102"
ZAAF Petshop Sragen & Agen BRILink,,SOLO,1767264000000,active,"-7.4407582, 111.0382497"
drh.Suparno / Miaw-Miaw Pet Shop,,SOLO,1767264000000,active,"-7.4370397, 111.024549"
Satria Petshop,,SOLO,1767264000000,active,"-7.4276659, 111.0292606"
Meang Meong Petshop,,SOLO,1767264000000,active,"-7.4221018, 111.0299821"
Garasi Petshop Sragen,,SOLO,1767264000000,active,"-7.4174912, 111.0311851"
Jouly Petshop,,SOLO,1767264000000,active,"-7.3903012, 111.0153977"
Toko HADI Pet Shop,,SOLO,1767264000000,active,"-7.4381819, 111.0221015"
Bintang Jaya Pet Shop,,SOLO,1767264000000,active,"-7.4367557, 111.0193634"
Sukowati Petshop,,SOLO,1767264000000,active,"-7.4370398, 111.0231882"
Ayesha Poultry and Pet Shop,,SOLO,1767264000000,active,"-7.3904806, 110.8998947"
Rhere Petshop dan telur,,SOLO,1767264000000,active,"-7.3709751, 110.9414468"
Shultan Fish & Cat Shop,,SOLO,1767264000000,active,"-7.3951409, 110.9205976"
MOCHI PETSHOP SRAGEN,,SOLO,1767264000000,active,"-7.3781719, 110.9074551"
Chester Petshop,,SOLO,1767264000000,active,"-7.4054826, 110.8229564"
MOLLY PETSHOP GEMOLONG,,SOLO,1767264000000,active,"-7.3962195, 110.8565551"
Kimmi Petshop,,SOLO,1767264000000,active,"-7.3959645, 110.8209806"
Toko Sahabat Midi,,SOLO,1767264000000,active,"-7.3937719, 111.0955223"
Linda petshop,,SOLO,1767264000000,active,"-7.3738266, 111.0033165"
Lychee Family Pet Shop,,SOLO,1767264000000,active,"-7.4219666, 110.7834662"
"""Ping"" Pet Shop",,SOLO,1767264000000,active,"-7.2989114, 110.91205"
Kios pakan dan petshop iwan jaya,,SOLO,1767264000000,active,"-7.451922, 110.881158"
Rina Petshop,,SOLO,1767264000000,active,"-7.483074, 110.8812688"
Bintang Petshop,,SOLO,1767264000000,active,"-7.4489019, 110.9719055"
Barokah Pet Shop,,SOLO,1767264000000,active,"-7.3629248, 110.9779011"
MIRACLE PET SHOP ANIMAL CARE KARTASURA,,SOLO,1767264000000,active,"-7.5464689, 110.730338"
Prins Petshop,,SOLO,1767264000000,active,"-7.5452, 110.7443238"
BigBoss Petshop Kartasura,,SOLO,1767264000000,active,"-7.5538888, 110.7415807"
Popo Petshop Surakarta,,SOLO,1767264000000,active,"-7.5575415, 110.7361625"
q-CAO Pet Shop,,SOLO,1767264000000,active,"-7.5553936, 110.7425442"
Za Za Pet Shop,,SOLO,1767264000000,active,"-7.5588841, 110.7479803"
ARIES-ANEKA PETSHOP & Fastpay,,SOLO,1767264000000,active,"-7.5648199, 110.7502281"
Alextine Pet Shop,,SOLO,1767264000000,active,"-7.572345, 110.7800594"
PETSHOP NEW GARDEN (PET_GARDEN),,SOLO,1767264000000,active,"-7.5845209, 110.7684992"
Lucky Petcare (Dokter Hewan Solo,,SOLO,1767264000000,active,"-7.5811374, 110.773203"
Oke Pet Shop,,SOLO,1767264000000,active,"-7.5806727, 110.7834145"
Nomi Petshop,,SOLO,1767264000000,active,"-7.5874773, 110.7869584"
ENY PETSHOP,,SOLO,1767264000000,active,"-7.5933193, 110.7850503"
MEONG Petshop I SOC,,SOLO,1767264000000,active,"-7.5879622, 110.7802609"
Moly Petshop,,SOLO,1767264000000,active,"-7.6168357, 110.7811023"
BIMAA petshop,,SOLO,1767264000000,active,"-7.6273437, 110.8378211"
Omah Pakan Vinvan,,SOLO,1767264000000,active,"-7.6301877, 110.8534619"
Zain Petshop,,SOLO,1767264000000,active,"-7.6203746, 110.8931043"
Poultry & Petshop Hari LN Sukoharjo,,SOLO,1767264000000,active,"-7.6619583, 110.8852436"
BAYT PETSHOP,,SOLO,1767264000000,active,"-7.5917536, 110.8056824"
Happy Hop small animal petshop,,SOLO,1767264000000,active,"-7.6099455, 110.815222"
Momu Petshop,,SOLO,1767264000000,active,"-7.5786079, 110.8022265"
Hoki jaya Poultry Shop & AGRO,,SOLO,1767264000000,active,"-7.643981, 110.8031689"
NARA Petshop,,SOLO,1767264000000,active,"-7.674721, 110.793009"
Makmur Jaya PetShop,,SOLO,1767264000000,active,"-7.687877, 110.8406212"
Petshop Mimi Mochi,,SOLO,1767264000000,active,"-7.6733012, 110.7892167"
Queen Pet Shop and Grooming Service,,SOLO,1767264000000,active,"-7.6891135, 110.8653366"
Smart Petshop Mojolaban,,SOLO,1767264000000,active,"-7.6102737, 110.8766073"
ORCA POULTRY PET SHOP AND FISHING 2,,SOLO,1767264000000,active,"-7.5976034, 110.8769123"
Mili.Vet & poultryshop (praktek Dokter Hewan),,SOLO,1767264000000,active,"-7.6055325, 110.8710231"
Iksan Petshop,,SOLO,1767264000000,active,"-7.6084209, 110.8740096"
PRATAMA PETSHOP,,SOLO,1767264000000,active,"-7.6081332, 110.8747747"
Lovran Petshop,,SOLO,1767264000000,active,"-7.6102727, 110.8754386"
Milo Petshop,,SOLO,1767264000000,active,"-7.604051, 110.8716426"
Bestie Petshop,,SOLO,1767264000000,active,"-7.6026605, 110.8637553"
"Lokanimal Veterinary and Pet Supplies (Dokter Hewan, Groomer dan Petshop)",,SOLO,1767264000000,active,"-7.5955799, 110.8507336"
Gobin Petshop 2,,SOLO,1767264000000,active,"-7.6983504, 110.8512931"
Indo Petshop And Care,,SOLO,1767264000000,active,"-7.742081, 110.876154"
RICO PETSHOP,,SOLO,1767264000000,active,"-7.7119522, 110.8590788"
Repsmart,,SOLO,1767264000000,active,"-7.7125116, 110.8603132"
Salon Tiara dan Petshop,,SOLO,1767264000000,active,"-7.7521856, 110.7616247"
"NEKO VET (Dokter Hewan, Petshop, Grooming)",,SOLO,1767264000000,active,"-7.6744182, 110.845107"
Berkah pakan ternak mas anang,,SOLO,1767264000000,active,"-7.7041683, 110.8898659"
DARREN PETSHOP,,SOLO,1767264000000,active,"-7.6835467, 110.8773829"
Trixie petshop,,SOLO,1767264000000,active,"-7.6972074, 110.8758368"
"Pakan Ternak ""SUHADI""",,SOLO,1767264000000,active,"-7.7187844, 110.8094591"
PET SHOP MBAK LIS,,SOLO,1767264000000,active,"-7.7197816, 110.816807"
Wak Adi PS,,SOLO,1767264000000,active,"-7.7374916, 110.7964198"
SR Pet Shop,,SOLO,1767264000000,active,"-7.7573823, 110.799681"
R2 Petshop Tawangsari,,SOLO,1767264000000,active,"-7.747424, 110.7966451"
Lumbung Artha Pet Shop & Care,,SOLO,1767264000000,active,"-7.5868784, 110.7485092"
Olive Pet care,,SOLO,1767264000000,active,"-7.5697447, 110.7219877"
R² Petshop,,SOLO,1767264000000,active,"-7.7556155, 110.8184302"
Tiara Pet Shop,,SOLO,1767264000000,active,"-7.5673978, 110.825573"
AURA PETSHOP KADIPIRO,,SOLO,1767264000000,active,"-7.5373749, 110.8123736"
Petshop Plus Solo,,SOLO,1767264000000,active,"-7.5467596, 110.800049"
Mico Petshop,,SOLO,1767264000000,active,"-7.5577705, 110.8011023"
Jolly Pets Indonesia (Petshop),,SOLO,1767264000000,active,"-7.552288, 110.8125747"
Koinu Pet Care,,SOLO,1767264000000,active,"-7.5625898, 110.8191853"
R&W Petshop,,SOLO,1767264000000,active,"-7.533025, 110.823928"
Agmo petshop,,SOLO,1767264000000,active,"-7.543128, 110.8181778"
Joglo Petshop Dan Praktek Dokter Hewan drh. Aris Munandar,,SOLO,1767264000000,active,"-7.5326142, 110.8232117"
Petshop 87,,SOLO,1767264000000,active,"-7.5494411, 110.8242998"
Dody Pet Shop,,SOLO,1767264000000,active,"-7.5663209, 110.8313227"
Bejo Jaya Pet Shop,,SOLO,1767264000000,active,"-7.5340494, 110.8274613"
Andreas Pet Shop,,SOLO,1767264000000,active,"-7.55299, 110.8154244"
Patto petshop,,SOLO,1767264000000,active,"-7.5682964, 110.7923045"
Oyen Petshop,,SOLO,1767264000000,active,"-7.5510774, 110.7833366"
BIZHAR PETSHOP,,SOLO,1767264000000,active,"-7.5707171, 110.8010637"
DIAMOND PETSTORE,,SOLO,1767264000000,active,"-7.5647541, 110.7943379"
Drh. Christina Erlina K. Giant Pet Shop,,SOLO,1767264000000,active,"-7.5660801, 110.7932327"
Top Petshop,,SOLO,1767264000000,active,"-7.5730458, 110.790975"
Dody Pet Shop,,SOLO,1767264000000,active,"-7.5663209, 110.8313227"
RD CEKLI,,SOLO,1767264000000,active,"-7.5346477, 110.8276802"
RD Cekli petshop 2,,SOLO,1767264000000,active,"-7.5437577, 110.8115546"
jervis_PETSHOP,,SOLO,1767264000000,active,"-7.5551617, 110.846513"
Auwow Petshop,,SOLO,1767264000000,active,"-7.5634638, 110.8489219"
HACHIMO PETSHOP,,SOLO,1767264000000,active,"-7.5489336, 110.857948"
Yogha petshop solo,,SOLO,1767264000000,active,"-7.5370666, 110.8370342"
Audrick Petshop,,SOLO,1767264000000,active,"-7.5713348, 110.8417993"
MERDEKA petshop dan poultry,,SOLO,1767264000000,active,"-7.5440204, 110.8442214"
CEMENG PET SHOP,,SOLO,1767264000000,active,"-7.5809293, 110.8178884"
Gading Petshop,,SOLO,1767264000000,active,"-7.5893855, 110.8219357"
Royale Petz,,SOLO,1767264000000,active,"-7.5912898, 110.8204817"
Royale Petz,,SOLO,1767264000000,active,"-7.5581511, 110.8178418"
Petshop Qta,,SOLO,1767264000000,active,"-7.5779595, 110.8214964"
KKK PetShop 2,,SOLO,1767264000000,active,"-7.5926832, 110.8193557"
Big Family Petshop,,SOLO,1767264000000,active,"-7.5804033, 110.8215614"
Poki petshop,,SOLO,1767264000000,active,"-7.5905399, 110.8281852"
Vbmsolo_petshop,,SOLO,1767264000000,active,"-7.5821599, 110.8367127"
King_Kingz Pet Care & Pet Shop,,SOLO,1767264000000,active,"-7.797055, 110.910822"
Paws Petshop Wonogiri,,SOLO,1767264000000,active,"-7.8025539, 110.9150437"
3 Saudara Petshop,,SOLO,1767264000000,active,"-7.8143033, 110.9290868"
Rocky Petshop,,SOLO,1767264000000,active,"-7.8054834, 110.9209424"
AMANAH PETSHOP,,SOLO,1767264000000,active,"-7.7993137, 110.9169063"
AIPOW PETSHOP,,SOLO,1767264000000,active,"-7.8058996, 110.9446153"
Petshop Bersinar Bulusulur Wonogiri,,SOLO,1767264000000,active,"-7.8119028, 110.94768"
KS PETSHOP,,SOLO,1767264000000,active,"-7.8197867, 110.9233479"
Sala Petcare Wonogiri,,SOLO,1767264000000,active,"-7.8159838, 110.972193"
Cavora Petshop,,SOLO,1767264000000,active,"-7.832818, 110.9211925"
Toko Pakan dan Petshop ( D'TAWON POULTRY & PETSHOP),,SOLO,1767264000000,active,"-7.7893611, 110.8718296"
Pakan ternak GS77,,SOLO,1767264000000,active,"-7.7781254, 110.8689243"
Omah petshop,,SOLO,1767264000000,active,"-7.7789844, 110.8692356"
ZOLA Petshop & Care Wonogiri (Praktik Dokter Hewan drh. Tiara R),,SOLO,1767264000000,active,"-7.7955074, 110.9059476"
TOKO PAKAN TERNAK KENARI EMAS,,SOLO,1767264000000,active,"-8.0688611, 110.7990078"
Adhi PS (Animal Equipment),,SOLO,1767264000000,active,"-8.0728621, 110.8193161"
SAMODRO POULTRY SHOP AND PET SHOP,,SOLO,1767264000000,active,"-8.0482003, 110.8118381"
Samodro Poultry Shop,,SOLO,1767264000000,active,"-7.9678213, 110.9313822"
Toko Berkah Aksa Jaya,,SOLO,1767264000000,active,"-8.0568675, 110.8078995"
Hasil Subur Pet Shop,,SOLO,1767264000000,active,"-8.0584616, 110.8069422"
Ansho Petshop & Groming Slogoimo,,SOLO,1767264000000,active,"-7.8285133, 111.173424"
Awan pets,,SOLO,1767264000000,active,"-7.8362853, 111.1868331"
PUSHII PETSHOP,,SOLO,1767264000000,active,"-7.8278322, 111.1775863"
ROYAL PETSHOP SLOGOHIMO,,SOLO,1767264000000,active,"-7.8269282, 111.1793393"
Toko Bio Star,,SOLO,1767264000000,active,"-7.9028609, 110.8554127"
Usrok Petshop,,SOLO,1767264000000,active,"-7.9014311, 110.8648868"
NU Petshop & Klinik,,SOLO,1767264000000,active,"-7.9744034, 110.9311961"
Wibowo petshop,,SOLO,1767264000000,active,"-7.9835784, 110.934286"
Osten Petshop,,SOLO,1767264000000,active,"-7.9885883, 110.9345837"
aNugrah PS,,SOLO,1767264000000,active,"-7.9963758, 110.935323"
Jual Pet Grow A Garden,,SOLO,1767264000000,active,"-7.9501622, 111.0333755"
Toko Pakan Mega Petshop,,SOLO,1767264000000,active,"-7.9836723, 110.9909816"
MIKI Petshop,,SOLO,1767264000000,active,"-7.7870455, 111.2401108"
KEN-KEN PET SHOP,,SOLO,1767264000000,active,"-7.9682405, 110.8433879"
Pypop petshop,,SOLO,1767264000000,active,"-8.041416, 110.8880249"
Arkan ps,,SOLO,1767264000000,active,"-8.0202631, 110.9475458"
Queen Petshop Jatipurno,,SOLO,1767264000000,active,"-7.796943, 111.134665"
HARU PETSHOP,,SOLO,1767264000000,active,"-7.8772632, 111.1038781"
KITTY PETSHOP,,SOLO,1767264000000,active,"-7.8706641, 111.1214632"
Ansho Petshop,,SOLO,1767264000000,active,"-7.8770617, 111.2556133"
HanHan Petshop,,SOLO,1767264000000,active,"-7.8482277, 110.7894396"
Dino Cell & Dino pet shop,,SOLO,1767264000000,active,"-7.8313125, 111.0192344"
Jagad mulyo petshop (jm petshop),,SOLO,1767264000000,active,"-7.8133959, 110.9962854"
Petshop Kai,,SOLO,1767264000000,active,"-7.931933, 110.9663343"
Gemilang Petshop dan Pakan Ternak,,SOLO,1767264000000,active,"-7.795861, 111.2805111"
DA PETS SHOP,,SOLO,1767264000000,active,"-7.854097, 111.2607383"
Ansho Petshop & Groming purwantoro,,SOLO,1767264000000,active,"-7.8477385, 111.2597898"
ROYAL PETSHOP PURWANTORO,,SOLO,1767264000000,active,"-7.8462824, 111.2616367"
Launa Petshop,,SOLO,1767264000000,active,"-7.8491431, 111.2675712"
Rosi Petshop and Care,,SOLO,1767264000000,active,"-7.8265945, 111.2635048"
PETSHOP BINTANG JAYA,,SOLO,1767264000000,active,"-7.8257907, 111.0619717"
Mogi Petshop,,SOLO,1767264000000,active,"-7.8270894, 111.1257492"
Mr. Paws petshop,,SOLO,1767264000000,active,"-7.8280742, 111.1343968"
Nirwana Petshop Jatisrono,,SOLO,1767264000000,active,"-7.8253114, 111.1283864"
ZOO PETSHOP,,SOLO,1767264000000,active,"-7.8365616, 111.1241136"
Win'z Pet Shop,,SEMARANG,1767264000000,active,"-7.5223263, 110.5935164"
Luizi Petshop Boyolali,,SEMARANG,1767264000000,active,"-7.5115456, 110.5956597"
Toko Pakan Ternak Putri Sido Luhur,,SEMARANG,1767264000000,active,"-7.5108826, 110.5143954"
"Toko Pakan Ternak ""Lis""",,SEMARANG,1767264000000,active,"-7.513967, 110.515381"
Wilis shop 2/ J&T Cepogo,,SEMARANG,1767264000000,active,"-7.5205161, 110.5420384"
Toko Pakan Ternak BAROKAH PANGESTU,,SEMARANG,1767264000000,active,"-7.5156089, 110.5228426"
HOKKI PETSHOP,,SEMARANG,1767264000000,active,"-7.4293675, 110.5289857"
Shaquille Pet Shop & AGEN BRILINK,,SEMARANG,1767264000000,active,"-7.4198191, 110.5197519"
Pratista Fish & Petshop,,SEMARANG,1767264000000,active,"-7.3914451, 110.5199977"
BOSS PETSHOP SALATIGA,,SEMARANG,1767264000000,active,"-7.3231867, 110.4969844"
RADJA PETSHOP SALATIGA,,SEMARANG,1767264000000,active,"-7.3197306, 110.5041929"
PODANGMAS SHOP,,SEMARANG,1767264000000,active,"-7.3643381, 110.6388654"
Tani Budi Mulya PERTANIAN PERTENAKAN & PETSHOP,,SEMARANG,1767264000000,active,"-7.3613831, 110.6396875"
Mini Petshop,,SEMARANG,1767264000000,active,"-7.3581118, 110.69151"
Robin PS,,SEMARANG,1767264000000,active,"-7.3560389, 110.6915056"
Pelang Petshop,,SEMARANG,1767264000000,active,"-7.355664, 110.6971137"
Atha petshop,,SEMARANG,1767264000000,active,"-7.3531061, 110.696482"
SANJAYA PETSHOP Bantulan,,SEMARANG,1767264000000,active,"-7.5497073, 110.681471"
Mahesha Petshop and Care (Praktek Dokter Hewan),,SEMARANG,1767264000000,active,"-7.5457911, 110.6790793"
Arfina Petshop,,SEMARANG,1767264000000,active,"-7.5353536, 110.6745786"
Messy PetShop,,SEMARANG,1767264000000,active,"-7.543233, 110.7035418"
Drh. Wahyudi (Mustika Vet Care),,SEMARANG,1767264000000,active,"-7.5419205, 110.6489755"
Anisty Pet Shop dan Toko Plastik,,SEMARANG,1767264000000,active,"-7.5693453, 110.6067108"
Aufaa PETSHOP,,SEMARANG,1767264000000,active,"-7.3092568, 110.7525566"
ZALFA PET SHOP,,SEMARANG,1767264000000,active,"-7.5493516, 110.547537"
ND pet shop,,SEMARANG,1767264000000,active,"-7.0280003, 110.545245"
DR Pet Care (dokter hewan),,SEMARANG,1767264000000,active,"-7.0453686, 110.4990882"
KOKO PERTSHOP PUCANG GADING,,SEMARANG,1767264000000,active,"-7.0360912, 110.4894681"
BLESSING PET SHOP,,SEMARANG,1767264000000,active,"-7.0318652, 110.4981613"
DUNIA AIR & Pet Shop,,SEMARANG,1767264000000,active,"-7.026028, 110.5093952"
Petanikebun.id & Petshop,,SEMARANG,1767264000000,active,"-7.0279265, 110.5110515"
Nindya petshop mranggen,,SEMARANG,1767264000000,active,"-7.0257261, 110.5130414"
Star Petshop,,SEMARANG,1767264000000,active,"-7.024567, 110.5107065"
GaGeGo petshop,,SEMARANG,1767264000000,active,"-7.0194551, 110.507237"
ATHAYA STORE,,SEMARANG,1767264000000,active,"-7.0469635, 110.5770768"
Brownie Petshop,,SEMARANG,1767264000000,active,"-6.9985337, 110.5891696"
Miu Petshop (Khusus Kucing),,SEMARANG,1767264000000,active,"-7.0493672, 110.672408"
Mulia Vet and Petshop || Praktik Dokter Hewan Demak,,SEMARANG,1767264000000,active,"-6.9929731, 110.7185829"
OMAH MURAI || Birdshop & Petshop,,SEMARANG,1767264000000,active,"-6.9238959, 110.7787817"
MTS petshop,,SEMARANG,1767264000000,active,"-6.9018711, 110.6472024"
VR PetShop,,SEMARANG,1767264000000,active,"-6.8833062, 110.6389432"
Sasa Petshop,,SEMARANG,1767264000000,active,"-6.8892843, 110.6345852"
MUBAROK PETSHOP & POULTRY,,SEMARANG,1767264000000,active,"-6.8426556, 110.8086011"
Omahvet Pet Care (Praktik Dokter Hewan Nadiyya),,SEMARANG,1767264000000,active,"-6.8227502, 110.8305966"
Salam PS,,SEMARANG,1767264000000,active,"-6.918405, 110.6002388"
Rizki Petshop dan Koi,,SEMARANG,1767264000000,active,"-6.8917234, 110.6329276"
CAY petshop DMK,,SEMARANG,1767264000000,active,"-6.8841398, 110.6981007"
EVAN PETSHOP 3,,SEMARANG,1767264000000,active,"-6.9743748, 110.5401608"
Panca Petshop,,SEMARANG,1767264000000,active,"-6.8891785, 110.6391568"
SM petshop,,SEMARANG,1767264000000,active,"-6.8872629, 110.6507583"
MASTER PETSHOP PURWODADI,,SEMARANG,1767264000000,active,"-7.1093979, 110.9117751"
Popo Pet Shop,,SEMARANG,1767264000000,active,"-7.1039633, 110.9183189"
Chimy Pet Shop,,SEMARANG,1767264000000,active,"-7.1002331, 110.906933"
Untung Petshop,,SEMARANG,1767264000000,active,"-7.0938606, 110.9099231"
Pemuda PetShop,,SEMARANG,1767264000000,active,"-7.0896681, 110.9175716"
Pytoe Petshop Purwodadi,,SEMARANG,1767264000000,active,"-7.0868187, 110.9088258"
TOSCA PETSHOP,,SEMARANG,1767264000000,active,"-7.0866194, 110.9111386"
Toko budi jaya getasrejo,,SEMARANG,1767264000000,active,"-7.0705929, 110.9247775"
Istana Ikan & Petshop,,SEMARANG,1767264000000,active,"-7.010707, 110.911419"
LTF PET SHOP,,SEMARANG,1767264000000,active,"-7.1766285, 111.2133988"
Hallo pet shop and care,,SEMARANG,1767264000000,active,"-7.1809226, 111.2215334"
"Ais Pet Shop (jual pakan kucing, burung, dll)",,SEMARANG,1767264000000,active,"-7.1717813, 110.7639138"
Restu JM Petshop (grosir toko hewan),,SEMARANG,1767264000000,active,"-7.170135, 110.8813561"
Toko Peternakan dan Petshop Aflah,,SEMARANG,1767264000000,active,"-7.1560894, 110.9018178"
Artomoro Petstore 2,,SEMARANG,1767264000000,active,"-7.1145763, 110.7802141"
Omahpuss,,SEMARANG,1767264000000,active,"-7.0960142, 110.7343986"
Suharto Business,,SEMARANG,1767264000000,active,"-7.0675478, 110.7948597"
Petshop d7,,SEMARANG,1767264000000,active,"-7.0520629, 110.755505"
WILDAN PETSHOP,,SEMARANG,1767264000000,active,"-7.0393325, 110.8152408"
Sumber Ternak PS. klambu,,SEMARANG,1767264000000,active,"-7.0081416, 110.7935734"
Arif Poultry & Petshop,,SEMARANG,1767264000000,active,"-7.0217862, 110.7690742"
SHAKA PETSHOP,,SEMARANG,1767264000000,active,"-7.0818928, 111.0701107"
Purwo Petshop,,SEMARANG,1767264000000,active,"-7.1304848, 111.0910638"
Rey an Aquatic Dan Petshop,,SEMARANG,1767264000000,active,"-7.132387, 111.0994032"
Sarana Burung dan Pakan Ternak,,SEMARANG,1767264000000,active,"-7.123516, 111.128489"
petshop & birdshop,,SEMARANG,1767264000000,active,"-7.0783989, 111.0880094"
Siswa Pet Care WIROSARI,,SEMARANG,1767264000000,active,"-7.079234, 111.0893192"
Pet Shop Laris Jaya,,SEMARANG,1767264000000,active,"-7.0442614, 110.6671386"
Poultry Shop Sumber Protein,,SEMARANG,1767264000000,active,"-7.053153, 110.665892"
AYDA SILVER & AYYDA PETSHOP,,SEMARANG,1767264000000,active,"-7.0857314, 111.0024104"
PAKAN KUCING KU,,SEMARANG,1767264000000,active,"-7.2159127, 110.9033345"
ReMuZa Petshop,,SEMARANG,1767264000000,active,"-7.2163381, 110.902345"
Zaki Aquarium & Pet Shop,,SEMARANG,1767264000000,active,"-7.2201391, 110.9007047"
DayCat Petshop Ambarawa,,SEMARANG,1767264000000,active,"-7.2515174, 110.408798"
Mini Petshop Cat & Dog Food,,SEMARANG,1767264000000,active,"-7.2558996, 110.4085244"
Ambarawa Pet Shop,,SEMARANG,1767264000000,active,"-7.257262, 110.4204947"
Unika pet shop,,SEMARANG,1767264000000,active,"-7.2420959, 110.3917016"
BUL BUL Petshop ambarawa,,SEMARANG,1767264000000,active,"-7.2243134, 110.4185745"
Pangestu Petshop,,SEMARANG,1767264000000,active,"-7.2256634, 110.3624305"
"WMS 2 AKUARIUM, PET'S SHOP & PANCING",,SEMARANG,1767264000000,active,"-7.2079711, 110.3888243"
ElBarkah Pakan,,SEMARANG,1767264000000,active,"-7.2458052, 110.3550182"
Bolang baling (odading) cakue dan BERKAH PETSHOP makanan kucing,,SEMARANG,1767264000000,active,"-7.2236686, 110.3317223"